<?xml version="1.0" encoding="UTF-8"?>
<GenRun Id="instr_mem_synth_1" LaunchPart="xc7z020clg484-1" LaunchTime="1543346525">
  <File Type="RUN-CONSTRS" Name="$PDATADIR/runs/instr_mem_synth_1/constrs_in.xml"/>
  <File Type="RDS-DCP" Name="instr_mem.dcp"/>
  <File Type="RUN-SRCS" Name="$PDATADIR/runs/instr_mem_synth_1/sources.xml"/>
  <File Type="RDS-UTIL-PB" Name="instr_mem_utilization_synth.pb"/>
  <File Type="RUN-STRAT" Name="$PDATADIR/runs/instr_mem_synth_1/instr_mem_synth_1.psg"/>
  <File Type="PA-TCL" Name="instr_mem.tcl"/>
  <File Type="RDS-PROPCONSTRS" Name="instr_mem_drc_synth.rpt"/>
  <File Type="RDS-RDS" Name="instr_mem.vds"/>
  <File Type="RDS-UTIL" Name="instr_mem_utilization_synth.rpt"/>
  <File Type="VDS-TIMINGSUMMARY" Name="instr_mem_timing_summary_synth.rpt"/>
  <File Type="VDS-TIMING-PB" Name="instr_mem_timing_summary_synth.pb"/>
  <FileSet Name="sources" Type="BlockSrcs" RelSrcDir="$PSRCDIR/instr_mem">
    <File Path="$PSRCDIR/sources_1/ip/instr_mem/instr_mem.xci">
      <FileInfo>
        <Attr Name="ImportPath" Val="$PPRDIR/../../../../../../../../../../lab_7/lab7/lab7.srcs/sources_1/ip/instr_mem/instr_mem.xci"/>
        <Attr Name="ImportTime" Val="1542138569"/>
        <Attr Name="UsedIn" Val="synthesis"/>
        <Attr Name="UsedIn" Val="implementation"/>
        <Attr Name="UsedIn" Val="simulation"/>
      </FileInfo>
    </File>
    <Config>
      <Option Name="TopModule" Val="instr_mem"/>
      <Option Name="UseBlackboxStub" Val="1"/>
    </Config>
  </FileSet>
  <FileSet Name="constrs_in" Type="BlockSrcs" RelSrcDir="$PSRCDIR/instr_mem">
    <File Path="$PSRCDIR/sources_1/ip/instr_mem/instr_mem.xci">
      <FileInfo>
        <Attr Name="ImportPath" Val="$PPRDIR/../../../../../../../../../../lab_7/lab7/lab7.srcs/sources_1/ip/instr_mem/instr_mem.xci"/>
        <Attr Name="ImportTime" Val="1542138569"/>
        <Attr Name="UsedIn" Val="synthesis"/>
        <Attr Name="UsedIn" Val="implementation"/>
        <Attr Name="UsedIn" Val="simulation"/>
      </FileInfo>
    </File>
    <Config>
      <Option Name="TopModule" Val="instr_mem"/>
      <Option Name="UseBlackboxStub" Val="1"/>
    </Config>
  </FileSet>
  <Strategy Version="1" Minor="2">
    <StratHandle Name="Vivado Synthesis Defaults" Flow="Vivado Synthesis 2015"/>
    <Step Id="synth_design"/>
  </Strategy>
</GenRun>
