<?xml version="1.0" encoding="UTF-8"?>
<GenRun Id="synth_1" LaunchPart="xc7z020clg484-1" LaunchTime="1540317074">
  <File Type="RUN-CONSTRS" Name="$PDATADIR/runs/synth_1/constrs_in.xml"/>
  <File Type="RDS-DCP" Name="alu_regfile_vio_top.dcp"/>
  <File Type="RUN-SRCS" Name="$PDATADIR/runs/synth_1/sources.xml"/>
  <File Type="RDS-UTIL-PB" Name="alu_regfile_vio_top_utilization_synth.pb"/>
  <File Type="RUN-STRAT" Name="$PDATADIR/runs/synth_1/synth_1.psg"/>
  <File Type="PA-TCL" Name="alu_regfile_vio_top.tcl"/>
  <File Type="RDS-PROPCONSTRS" Name="alu_regfile_vio_top_drc_synth.rpt"/>
  <File Type="RDS-RDS" Name="alu_regfile_vio_top.vds"/>
  <File Type="RDS-UTIL" Name="alu_regfile_vio_top_utilization_synth.rpt"/>
  <File Type="VDS-TIMINGSUMMARY" Name="alu_regfile_vio_top_timing_summary_synth.rpt"/>
  <File Type="VDS-TIMING-PB" Name="alu_regfile_vio_top_timing_summary_synth.pb"/>
  <FileSet Name="sources" Type="DesignSrcs" RelSrcDir="$PSRCDIR/sources_1">
    <Filter Type="Srcs"/>
    <File Path="$PSRCDIR/sources_1/imports/Downloads/OLED_source_files(1)/OLED_source_files/HDLs/SpiCtrl.vhd">
      <FileInfo>
        <Attr Name="ImportPath" Val="$PPRDIR/../../../../../../../../../../OLED_source_files(1)/OLED_source_files/HDLs/SpiCtrl.vhd"/>
        <Attr Name="ImportTime" Val="1539714186"/>
        <Attr Name="UsedIn" Val="synthesis"/>
        <Attr Name="UsedIn" Val="simulation"/>
      </FileInfo>
    </File>
    <File Path="$PSRCDIR/sources_1/imports/Downloads/OLED_source_files(1)/OLED_source_files/HDLs/SIGNDET.vhd">
      <FileInfo>
        <Attr Name="ImportPath" Val="$PPRDIR/../../../../../../../../../../OLED_source_files(1)/OLED_source_files/HDLs/SIGNDET.vhd"/>
        <Attr Name="ImportTime" Val="1539714186"/>
        <Attr Name="UsedIn" Val="synthesis"/>
        <Attr Name="UsedIn" Val="simulation"/>
      </FileInfo>
    </File>
    <File Path="$PSRCDIR/sources_1/imports/Downloads/OLED_source_files(1)/OLED_source_files/HDLs/Delay.vhd">
      <FileInfo>
        <Attr Name="ImportPath" Val="$PPRDIR/../../../../../../../../../../OLED_source_files(1)/OLED_source_files/HDLs/Delay.vhd"/>
        <Attr Name="ImportTime" Val="1539714186"/>
        <Attr Name="UsedIn" Val="synthesis"/>
        <Attr Name="UsedIn" Val="simulation"/>
      </FileInfo>
    </File>
    <File Path="$PSRCDIR/sources_1/imports/Downloads/OLED_source_files(1)/OLED_source_files/HDLs/BINBCD8.vhd">
      <FileInfo>
        <Attr Name="ImportPath" Val="$PPRDIR/../../../../../../../../../../OLED_source_files(1)/OLED_source_files/HDLs/BINBCD8.vhd"/>
        <Attr Name="ImportTime" Val="1539714186"/>
        <Attr Name="UsedIn" Val="synthesis"/>
        <Attr Name="UsedIn" Val="simulation"/>
      </FileInfo>
    </File>
    <File Path="$PSRCDIR/sources_1/imports/Downloads/OLED_source_files(1)/OLED_source_files/HDLs/OledInit.vhd">
      <FileInfo>
        <Attr Name="ImportPath" Val="$PPRDIR/../../../../../../../../../../OLED_source_files(1)/OLED_source_files/HDLs/OledInit.vhd"/>
        <Attr Name="ImportTime" Val="1539714186"/>
        <Attr Name="UsedIn" Val="synthesis"/>
        <Attr Name="UsedIn" Val="simulation"/>
      </FileInfo>
    </File>
    <File Path="$PSRCDIR/sources_1/imports/Downloads/OLED_source_files(1)/OLED_source_files/HDLs/OledExample.vhd">
      <FileInfo>
        <Attr Name="ImportPath" Val="$PPRDIR/../../../../../../../../../../OLED_source_files(1)/OLED_source_files/HDLs/OledExample.vhd"/>
        <Attr Name="ImportTime" Val="1539714186"/>
        <Attr Name="UsedIn" Val="synthesis"/>
        <Attr Name="UsedIn" Val="simulation"/>
      </FileInfo>
    </File>
    <File Path="$PSRCDIR/sources_1/new/reg_file.v">
      <FileInfo>
        <Attr Name="ImportPath" Val="$PPRDIR/../../../../../../../../../../../../../lab_4/lab_4.srcs/sources_1/new/reg_file.v"/>
        <Attr Name="ImportTime" Val="1539107351"/>
        <Attr Name="UsedIn" Val="synthesis"/>
        <Attr Name="UsedIn" Val="implementation"/>
        <Attr Name="UsedIn" Val="simulation"/>
      </FileInfo>
    </File>
    <File Path="$PSRCDIR/sources_1/new/eightbit_alu.v">
      <FileInfo>
        <Attr Name="ImportPath" Val="$PPRDIR/../../../../../../../../../../../../../lab_4/lab_4.srcs/sources_1/new/eightbit_alu.v"/>
        <Attr Name="ImportTime" Val="1539109463"/>
        <Attr Name="UsedIn" Val="synthesis"/>
        <Attr Name="UsedIn" Val="implementation"/>
        <Attr Name="UsedIn" Val="simulation"/>
      </FileInfo>
    </File>
    <File Path="$PSRCDIR/sources_1/imports/Downloads/OLED_source_files(1)/OLED_source_files/HDLs/PmodOLEDCtrl.vhd">
      <FileInfo>
        <Attr Name="ImportPath" Val="$PPRDIR/../../../../../../../../../../OLED_source_files(1)/OLED_source_files/HDLs/PmodOLEDCtrl.vhd"/>
        <Attr Name="ImportTime" Val="1539714186"/>
        <Attr Name="UsedIn" Val="synthesis"/>
        <Attr Name="UsedIn" Val="simulation"/>
      </FileInfo>
    </File>
    <File Path="$PSRCDIR/sources_1/new/alu_regfile.v">
      <FileInfo>
        <Attr Name="ImportPath" Val="$PPRDIR/../../../../../../../../../../../../../lab_4/lab_4.srcs/sources_1/new/alu_regfile.v"/>
        <Attr Name="ImportTime" Val="1539110143"/>
        <Attr Name="UsedIn" Val="synthesis"/>
        <Attr Name="UsedIn" Val="implementation"/>
        <Attr Name="UsedIn" Val="simulation"/>
      </FileInfo>
    </File>
    <File Path="$PSRCDIR/sources_1/imports/Downloads/alu_regfile_vio_top(1).v">
      <FileInfo>
        <Attr Name="ImportPath" Val="$PPRDIR/../../../../../../../../../../alu_regfile_vio_top(1).v"/>
        <Attr Name="ImportTime" Val="1539716252"/>
        <Attr Name="UsedIn" Val="synthesis"/>
        <Attr Name="UsedIn" Val="implementation"/>
        <Attr Name="UsedIn" Val="simulation"/>
      </FileInfo>
    </File>
    <File Path="$PSRCDIR/sources_1/imports/Downloads/lab_4.xpr/lab_4/archive_project_summary.txt">
      <FileInfo>
        <Attr Name="ImportPath" Val="$PPRDIR/../../../../archive_project_summary.txt"/>
        <Attr Name="ImportTime" Val="1539704772"/>
      </FileInfo>
    </File>
    <File Path="$PPRDIR/../../../../lab_4.srcs/charLib/ip/charLib/charLib.coe">
      <FileInfo>
        <Attr Name="ImportPath" Val="$PPRDIR/../../../../../../../../../../OLED_source_files(1)/OLED_source_files/IP_srcs/charLib.coe"/>
        <Attr Name="ImportTime" Val="1539714187"/>
        <Attr Name="UsedIn" Val="synthesis"/>
        <Attr Name="UsedIn" Val="simulation"/>
      </FileInfo>
    </File>
    <File Path="$PPRDIR/../../../../archive_project_summary.txt"/>
    <Config>
      <Option Name="DesignMode" Val="RTL"/>
      <Option Name="TopModule" Val="alu_regfile_vio_top"/>
    </Config>
  </FileSet>
  <FileSet Name="constrs_in" Type="Constrs" RelSrcDir="$PSRCDIR/constrs_1">
    <Filter Type="Constrs"/>
    <File Path="$PSRCDIR/constrs_1/imports/Downloads/eightbit_alu_regfile(1).xdc">
      <FileInfo>
        <Attr Name="ImportPath" Val="$PPRDIR/../../../../../../../../../../eightbit_alu_regfile(1).xdc"/>
        <Attr Name="ImportTime" Val="1539714537"/>
        <Attr Name="UsedIn" Val="synthesis"/>
        <Attr Name="UsedIn" Val="implementation"/>
      </FileInfo>
    </File>
    <Config>
      <Option Name="ConstrsType" Val="XDC"/>
    </Config>
  </FileSet>
  <Strategy Version="1" Minor="2">
    <StratHandle Name="Vivado Synthesis Defaults" Flow="Vivado Synthesis 2015"/>
    <Step Id="synth_design"/>
  </Strategy>
  <BlockFileSet Type="BlockSrcs" Name="alu_regfile_vio"/>
  <BlockFileSet Type="BlockSrcs" Name="charLib"/>
</GenRun>
