<?xml version="1.0" encoding="UTF-8"?>
<GenRun Id="alu_regfile_vio_synth_1" LaunchPart="xc7z020clg484-1" LaunchTime="1540321229">
  <File Type="RUN-CONSTRS" Name="$PDATADIR/runs/alu_regfile_vio_synth_1/constrs_in.xml"/>
  <File Type="RDS-DCP" Name="alu_regfile_vio.dcp"/>
  <File Type="RUN-SRCS" Name="$PDATADIR/runs/alu_regfile_vio_synth_1/sources.xml"/>
  <File Type="RDS-UTIL-PB" Name="alu_regfile_vio_utilization_synth.pb"/>
  <File Type="RUN-STRAT" Name="$PDATADIR/runs/alu_regfile_vio_synth_1/alu_regfile_vio_synth_1.psg"/>
  <File Type="PA-TCL" Name="alu_regfile_vio.tcl"/>
  <File Type="RDS-PROPCONSTRS" Name="alu_regfile_vio_drc_synth.rpt"/>
  <File Type="RDS-RDS" Name="alu_regfile_vio.vds"/>
  <File Type="RDS-UTIL" Name="alu_regfile_vio_utilization_synth.rpt"/>
  <File Type="VDS-TIMINGSUMMARY" Name="alu_regfile_vio_timing_summary_synth.rpt"/>
  <File Type="VDS-TIMING-PB" Name="alu_regfile_vio_timing_summary_synth.pb"/>
  <FileSet Name="sources" Type="BlockSrcs" RelSrcDir="$PSRCDIR/alu_regfile_vio">
    <File Path="$PSRCDIR/sources_1/ip/alu_regfile_vio/alu_regfile_vio.xci">
      <FileInfo>
        <Attr Name="ImportPath" Val="$PPRDIR/../../../../../../../../../../../../../../../../../../lab_5/lab_5.srcs/sources_1/ip/alu_regfile_vio/alu_regfile_vio.xci"/>
        <Attr Name="ImportTime" Val="1540321226"/>
        <Attr Name="UsedIn" Val="synthesis"/>
        <Attr Name="UsedIn" Val="implementation"/>
        <Attr Name="UsedIn" Val="simulation"/>
      </FileInfo>
    </File>
    <Config>
      <Option Name="TopModule" Val="alu_regfile_vio"/>
      <Option Name="UseBlackboxStub" Val="1"/>
    </Config>
  </FileSet>
  <FileSet Name="constrs_in" Type="BlockSrcs" RelSrcDir="$PSRCDIR/alu_regfile_vio">
    <File Path="$PSRCDIR/sources_1/ip/alu_regfile_vio/alu_regfile_vio.xci">
      <FileInfo>
        <Attr Name="ImportPath" Val="$PPRDIR/../../../../../../../../../../../../../../../../../../lab_5/lab_5.srcs/sources_1/ip/alu_regfile_vio/alu_regfile_vio.xci"/>
        <Attr Name="ImportTime" Val="1540321226"/>
        <Attr Name="UsedIn" Val="synthesis"/>
        <Attr Name="UsedIn" Val="implementation"/>
        <Attr Name="UsedIn" Val="simulation"/>
      </FileInfo>
    </File>
    <Config>
      <Option Name="TopModule" Val="alu_regfile_vio"/>
      <Option Name="UseBlackboxStub" Val="1"/>
    </Config>
  </FileSet>
  <Strategy Version="1" Minor="2">
    <StratHandle Name="Vivado Synthesis Defaults" Flow="Vivado Synthesis 2015"/>
    <Step Id="synth_design"/>
  </Strategy>
</GenRun>
