<?xml version="1.0" encoding="UTF-8"?>
<!-- Product Version: Vivado v2015.2 (64-bit)                     -->
<!--                                                              -->
<!-- Copyright 1986-2015 Xilinx, Inc. All Rights Reserved.        -->

<hwsession version="1" minor="1">
  <device name="xc7z020_1" gui_info="dashboard1=hw_vios[xc7z020_1/hw_vio_1=VIO_PROBES_1;]"/>
  <ObjectList object_type="hw_device" gui_info="">
    <Object name="xc7z020_1" gui_info="">
      <Properties Property="PROBES.FILE" value="$_project_name_.runs/impl_1/debug_nets.ltx"/>
      <Properties Property="PROGRAM.HW_BITSTREAM" value="$_project_name_.runs/impl_1/pdatapath_top.bit"/>
    </Object>
  </ObjectList>
  <ObjectList object_type="hw_probe" gui_info="">
    <Object name="ALUOp[2:0]" gui_info="hw_vios/hw_vio_1=0"/>
    <Object name="ALUsrc1" gui_info="hw_vios/hw_vio_1=1"/>
    <Object name="ALUsrc2" gui_info="hw_vios/hw_vio_1=2"/>
    <Object name="Instr_i[7:0]" gui_info="hw_vios/hw_vio_1=6"/>
    <Object name="MemToReg" gui_info="hw_vios/hw_vio_1=8"/>
    <Object name="MemWrite" gui_info="hw_vios/hw_vio_1=7"/>
    <Object name="MemtoReg" gui_info="hw_vios/hw_vio_1=17"/>
    <Object name="ReadData1[7:0]" gui_info="hw_vios/hw_vio_1=11"/>
    <Object name="ReadData2[7:0]" gui_info="hw_vios/hw_vio_1=12"/>
    <Object name="RegWrite" gui_info="hw_vios/hw_vio_1=13"/>
    <Object name="alu_1st_input[7:0]" gui_info="hw_vios/hw_vio_1=2"/>
    <Object name="alu_2nd_input[7:0]" gui_info="hw_vios/hw_vio_1=3"/>
    <Object name="alu_output[7:0]" gui_info="hw_vios/hw_vio_1=0"/>
    <Object name="alu_ovf_flag" gui_info="hw_vios/hw_vio_1=4"/>
    <Object name="alu_take_branch_output" gui_info="hw_vios/hw_vio_1=5"/>
    <Object name="data_mem_out[8:0]" gui_info="hw_vios/hw_vio_1=1"/>
    <Object name="input_1[7:0]" gui_info="hw_vios/hw_vio_1=4"/>
    <Object name="input_2[7:0]" gui_info="hw_vios/hw_vio_1=5"/>
    <Object name="instruction[15:0]" gui_info="hw_vios/hw_vio_1=6"/>
    <Object name="opcode[3:0]" gui_info="hw_vios/hw_vio_1=7"/>
    <Object name="ovf" gui_info="hw_vios/hw_vio_1=8"/>
    <Object name="rd0_addr[1:0]" gui_info="hw_vios/hw_vio_1=9"/>
    <Object name="rd1_addr[1:0]" gui_info="hw_vios/hw_vio_1=10"/>
    <Object name="read_data1[7:0]" gui_info="hw_vios/hw_vio_1=8"/>
    <Object name="read_data2[7:0]" gui_info="hw_vios/hw_vio_1=9"/>
    <Object name="regfile_write_data[8:0]" gui_info="hw_vios/hw_vio_1=10"/>
    <Object name="result[7:0]" gui_info="hw_vios/hw_vio_1=18"/>
    <Object name="take_branch" gui_info="hw_vios/hw_vio_1=14"/>
    <Object name="wr_addr[1:0]" gui_info="hw_vios/hw_vio_1=15"/>
    <Object name="wr_data[8:0]" gui_info="hw_vios/hw_vio_1=16"/>
  </ObjectList>
  <probeset name="hw project" active="false">
    <probe type="vio_input" busType="net" source="netlist" spec="VIO_INPUT_V2_RT">
      <probeOptions Id="DebugProbeParams">
        <Option Id="ACTIVITY_PERSISTENCE" value="SHORT"/>
        <Option Id="DISPLAY_HINT" value=""/>
        <Option Id="DISPLAY_VISIBILITY" value=""/>
        <Option Id="HW_VIO" value="hw_vio_1"/>
        <Option Id="INPUT_VALUE_RADIX" value="HEX"/>
        <Option Id="NAME.CUSTOM" value=""/>
        <Option Id="NAME.SELECT" value="Long"/>
      </probeOptions>
      <nets>
        <net name="ReadData1[7]"/>
        <net name="ReadData1[6]"/>
        <net name="ReadData1[5]"/>
        <net name="ReadData1[4]"/>
        <net name="ReadData1[3]"/>
        <net name="ReadData1[2]"/>
        <net name="ReadData1[1]"/>
        <net name="ReadData1[0]"/>
      </nets>
    </probe>
    <probe type="vio_input" busType="net" source="netlist" spec="VIO_INPUT_V2_RT">
      <probeOptions Id="DebugProbeParams">
        <Option Id="ACTIVITY_PERSISTENCE" value="SHORT"/>
        <Option Id="DISPLAY_HINT" value=""/>
        <Option Id="DISPLAY_VISIBILITY" value=""/>
        <Option Id="HW_VIO" value="hw_vio_1"/>
        <Option Id="INPUT_VALUE_RADIX" value="HEX"/>
        <Option Id="NAME.CUSTOM" value=""/>
        <Option Id="NAME.SELECT" value="Long"/>
      </probeOptions>
      <nets>
        <net name="ReadData2[7]"/>
        <net name="ReadData2[6]"/>
        <net name="ReadData2[5]"/>
        <net name="ReadData2[4]"/>
        <net name="ReadData2[3]"/>
        <net name="ReadData2[2]"/>
        <net name="ReadData2[1]"/>
        <net name="ReadData2[0]"/>
      </nets>
    </probe>
    <probe type="vio_input" busType="bus" source="netlist" spec="VIO_INPUT_V2_RT">
      <probeOptions Id="DebugProbeParams">
        <Option Id="ACTIVITY_PERSISTENCE" value="SHORT"/>
        <Option Id="DISPLAY_HINT" value=""/>
        <Option Id="DISPLAY_VISIBILITY" value=""/>
        <Option Id="HW_VIO" value="hw_vio_1"/>
        <Option Id="INPUT_VALUE_RADIX" value="HEX"/>
        <Option Id="NAME.CUSTOM" value=""/>
        <Option Id="NAME.SELECT" value="Long"/>
      </probeOptions>
      <nets>
        <net name="alu_1st_input[7]"/>
        <net name="alu_1st_input[6]"/>
        <net name="alu_1st_input[5]"/>
        <net name="alu_1st_input[4]"/>
        <net name="alu_1st_input[3]"/>
        <net name="alu_1st_input[2]"/>
        <net name="alu_1st_input[1]"/>
        <net name="alu_1st_input[0]"/>
      </nets>
    </probe>
    <probe type="vio_input" busType="bus" source="netlist" spec="VIO_INPUT_V2_RT">
      <probeOptions Id="DebugProbeParams">
        <Option Id="ACTIVITY_PERSISTENCE" value="SHORT"/>
        <Option Id="DISPLAY_HINT" value=""/>
        <Option Id="DISPLAY_VISIBILITY" value=""/>
        <Option Id="HW_VIO" value="hw_vio_1"/>
        <Option Id="INPUT_VALUE_RADIX" value="HEX"/>
        <Option Id="NAME.CUSTOM" value=""/>
        <Option Id="NAME.SELECT" value="Long"/>
      </probeOptions>
      <nets>
        <net name="alu_2nd_input[7]"/>
        <net name="alu_2nd_input[6]"/>
        <net name="alu_2nd_input[5]"/>
        <net name="alu_2nd_input[4]"/>
        <net name="alu_2nd_input[3]"/>
        <net name="alu_2nd_input[2]"/>
        <net name="alu_2nd_input[1]"/>
        <net name="alu_2nd_input[0]"/>
      </nets>
    </probe>
    <probe type="vio_input" busType="bus" source="netlist" spec="VIO_INPUT_V2_RT">
      <probeOptions Id="DebugProbeParams">
        <Option Id="ACTIVITY_PERSISTENCE" value="SHORT"/>
        <Option Id="DISPLAY_HINT" value=""/>
        <Option Id="DISPLAY_VISIBILITY" value=""/>
        <Option Id="HW_VIO" value="hw_vio_1"/>
        <Option Id="INPUT_VALUE_RADIX" value="HEX"/>
        <Option Id="NAME.CUSTOM" value=""/>
        <Option Id="NAME.SELECT" value="Long"/>
      </probeOptions>
      <nets>
        <net name="alu_output[7]"/>
        <net name="alu_output[6]"/>
        <net name="alu_output[5]"/>
        <net name="alu_output[4]"/>
        <net name="alu_output[3]"/>
        <net name="alu_output[2]"/>
        <net name="alu_output[1]"/>
        <net name="alu_output[0]"/>
      </nets>
    </probe>
    <probe type="vio_input" busType="net" source="netlist" spec="VIO_INPUT_V2_RT">
      <probeOptions Id="DebugProbeParams">
        <Option Id="ACTIVITY_PERSISTENCE" value="SHORT"/>
        <Option Id="DISPLAY_HINT" value=""/>
        <Option Id="DISPLAY_VISIBILITY" value=""/>
        <Option Id="HW_VIO" value="hw_vio_1"/>
        <Option Id="INPUT_VALUE_RADIX" value="BINARY"/>
        <Option Id="NAME.CUSTOM" value=""/>
        <Option Id="NAME.SELECT" value="Long"/>
      </probeOptions>
      <nets>
        <net name="alu_ovf_flag"/>
      </nets>
    </probe>
    <probe type="vio_input" busType="net" source="netlist" spec="VIO_INPUT_V2_RT">
      <probeOptions Id="DebugProbeParams">
        <Option Id="ACTIVITY_PERSISTENCE" value="SHORT"/>
        <Option Id="DISPLAY_HINT" value=""/>
        <Option Id="DISPLAY_VISIBILITY" value=""/>
        <Option Id="HW_VIO" value="hw_vio_1"/>
        <Option Id="INPUT_VALUE_RADIX" value="BINARY"/>
        <Option Id="NAME.CUSTOM" value=""/>
        <Option Id="NAME.SELECT" value="Long"/>
      </probeOptions>
      <nets>
        <net name="alu_take_branch_output"/>
      </nets>
    </probe>
    <probe type="vio_input" busType="bus" source="netlist" spec="VIO_INPUT_V2_RT">
      <probeOptions Id="DebugProbeParams">
        <Option Id="ACTIVITY_PERSISTENCE" value="SHORT"/>
        <Option Id="DISPLAY_HINT" value=""/>
        <Option Id="DISPLAY_VISIBILITY" value=""/>
        <Option Id="HW_VIO" value="hw_vio_1"/>
        <Option Id="INPUT_VALUE_RADIX" value="HEX"/>
        <Option Id="NAME.CUSTOM" value=""/>
        <Option Id="NAME.SELECT" value="Long"/>
      </probeOptions>
      <nets>
        <net name="data_mem_out[8]"/>
        <net name="data_mem_out[7]"/>
        <net name="data_mem_out[6]"/>
        <net name="data_mem_out[5]"/>
        <net name="data_mem_out[4]"/>
        <net name="data_mem_out[3]"/>
        <net name="data_mem_out[2]"/>
        <net name="data_mem_out[1]"/>
        <net name="data_mem_out[0]"/>
      </nets>
    </probe>
    <probe type="vio_input" busType="net" source="netlist" spec="VIO_INPUT_V2_RT">
      <probeOptions Id="DebugProbeParams">
        <Option Id="ACTIVITY_PERSISTENCE" value="SHORT"/>
        <Option Id="DISPLAY_HINT" value=""/>
        <Option Id="DISPLAY_VISIBILITY" value=""/>
        <Option Id="HW_VIO" value="hw_vio_1"/>
        <Option Id="INPUT_VALUE_RADIX" value="HEX"/>
        <Option Id="NAME.CUSTOM" value=""/>
        <Option Id="NAME.SELECT" value="Long"/>
      </probeOptions>
      <nets>
        <net name="input_1[7]"/>
        <net name="input_1[6]"/>
        <net name="input_1[5]"/>
        <net name="input_1[4]"/>
        <net name="input_1[3]"/>
        <net name="input_1[2]"/>
        <net name="input_1[1]"/>
        <net name="input_1[0]"/>
      </nets>
    </probe>
    <probe type="vio_input" busType="net" source="netlist" spec="VIO_INPUT_V2_RT">
      <probeOptions Id="DebugProbeParams">
        <Option Id="ACTIVITY_PERSISTENCE" value="SHORT"/>
        <Option Id="DISPLAY_HINT" value=""/>
        <Option Id="DISPLAY_VISIBILITY" value=""/>
        <Option Id="HW_VIO" value="hw_vio_1"/>
        <Option Id="INPUT_VALUE_RADIX" value="HEX"/>
        <Option Id="NAME.CUSTOM" value=""/>
        <Option Id="NAME.SELECT" value="Long"/>
      </probeOptions>
      <nets>
        <net name="input_2[7]"/>
        <net name="input_2[6]"/>
        <net name="input_2[5]"/>
        <net name="input_2[4]"/>
        <net name="input_2[3]"/>
        <net name="input_2[2]"/>
        <net name="input_2[1]"/>
        <net name="input_2[0]"/>
      </nets>
    </probe>
    <probe type="vio_input" busType="bus" source="netlist" spec="VIO_INPUT_V2_RT">
      <probeOptions Id="DebugProbeParams">
        <Option Id="ACTIVITY_PERSISTENCE" value="SHORT"/>
        <Option Id="DISPLAY_HINT" value=""/>
        <Option Id="DISPLAY_VISIBILITY" value=""/>
        <Option Id="HW_VIO" value="hw_vio_1"/>
        <Option Id="INPUT_VALUE_RADIX" value="HEX"/>
        <Option Id="NAME.CUSTOM" value=""/>
        <Option Id="NAME.SELECT" value="Long"/>
      </probeOptions>
      <nets>
        <net name="opcode[3]"/>
        <net name="opcode[2]"/>
        <net name="opcode[1]"/>
        <net name="opcode[0]"/>
      </nets>
    </probe>
    <probe type="vio_input" busType="net" source="netlist" spec="VIO_INPUT_V2_RT">
      <probeOptions Id="DebugProbeParams">
        <Option Id="ACTIVITY_PERSISTENCE" value="SHORT"/>
        <Option Id="DISPLAY_HINT" value=""/>
        <Option Id="DISPLAY_VISIBILITY" value=""/>
        <Option Id="HW_VIO" value="hw_vio_1"/>
        <Option Id="INPUT_VALUE_RADIX" value="BINARY"/>
        <Option Id="NAME.CUSTOM" value=""/>
        <Option Id="NAME.SELECT" value="Long"/>
      </probeOptions>
      <nets>
        <net name="ovf"/>
      </nets>
    </probe>
    <probe type="vio_input" busType="bus" source="netlist" spec="VIO_INPUT_V2_RT">
      <probeOptions Id="DebugProbeParams">
        <Option Id="ACTIVITY_PERSISTENCE" value="SHORT"/>
        <Option Id="DISPLAY_HINT" value=""/>
        <Option Id="DISPLAY_VISIBILITY" value=""/>
        <Option Id="HW_VIO" value="hw_vio_1"/>
        <Option Id="INPUT_VALUE_RADIX" value="HEX"/>
        <Option Id="NAME.CUSTOM" value=""/>
        <Option Id="NAME.SELECT" value="Long"/>
      </probeOptions>
      <nets>
        <net name="read_data1[7]"/>
        <net name="read_data1[6]"/>
        <net name="read_data1[5]"/>
        <net name="read_data1[4]"/>
        <net name="read_data1[3]"/>
        <net name="read_data1[2]"/>
        <net name="read_data1[1]"/>
        <net name="read_data1[0]"/>
      </nets>
    </probe>
    <probe type="vio_input" busType="bus" source="netlist" spec="VIO_INPUT_V2_RT">
      <probeOptions Id="DebugProbeParams">
        <Option Id="ACTIVITY_PERSISTENCE" value="SHORT"/>
        <Option Id="DISPLAY_HINT" value=""/>
        <Option Id="DISPLAY_VISIBILITY" value=""/>
        <Option Id="HW_VIO" value="hw_vio_1"/>
        <Option Id="INPUT_VALUE_RADIX" value="HEX"/>
        <Option Id="NAME.CUSTOM" value=""/>
        <Option Id="NAME.SELECT" value="Long"/>
      </probeOptions>
      <nets>
        <net name="read_data2[7]"/>
        <net name="read_data2[6]"/>
        <net name="read_data2[5]"/>
        <net name="read_data2[4]"/>
        <net name="read_data2[3]"/>
        <net name="read_data2[2]"/>
        <net name="read_data2[1]"/>
        <net name="read_data2[0]"/>
      </nets>
    </probe>
    <probe type="vio_input" busType="bus" source="netlist" spec="VIO_INPUT_V2_RT">
      <probeOptions Id="DebugProbeParams">
        <Option Id="ACTIVITY_PERSISTENCE" value="SHORT"/>
        <Option Id="DISPLAY_HINT" value=""/>
        <Option Id="DISPLAY_VISIBILITY" value=""/>
        <Option Id="HW_VIO" value="hw_vio_1"/>
        <Option Id="INPUT_VALUE_RADIX" value="HEX"/>
        <Option Id="NAME.CUSTOM" value=""/>
        <Option Id="NAME.SELECT" value="Long"/>
      </probeOptions>
      <nets>
        <net name="regfile_write_data[8]"/>
        <net name="regfile_write_data[7]"/>
        <net name="regfile_write_data[6]"/>
        <net name="regfile_write_data[5]"/>
        <net name="regfile_write_data[4]"/>
        <net name="regfile_write_data[3]"/>
        <net name="regfile_write_data[2]"/>
        <net name="regfile_write_data[1]"/>
        <net name="regfile_write_data[0]"/>
      </nets>
    </probe>
    <probe type="vio_input" busType="net" source="netlist" spec="VIO_INPUT_V2_RT">
      <probeOptions Id="DebugProbeParams">
        <Option Id="ACTIVITY_PERSISTENCE" value="SHORT"/>
        <Option Id="DISPLAY_HINT" value=""/>
        <Option Id="DISPLAY_VISIBILITY" value=""/>
        <Option Id="HW_VIO" value="hw_vio_1"/>
        <Option Id="INPUT_VALUE_RADIX" value="HEX"/>
        <Option Id="NAME.CUSTOM" value=""/>
        <Option Id="NAME.SELECT" value="Long"/>
      </probeOptions>
      <nets>
        <net name="result[7]"/>
        <net name="result[6]"/>
        <net name="result[5]"/>
        <net name="result[4]"/>
        <net name="result[3]"/>
        <net name="result[2]"/>
        <net name="result[1]"/>
        <net name="result[0]"/>
      </nets>
    </probe>
    <probe type="vio_input" busType="net" source="netlist" spec="VIO_INPUT_V2_RT">
      <probeOptions Id="DebugProbeParams">
        <Option Id="ACTIVITY_PERSISTENCE" value="SHORT"/>
        <Option Id="DISPLAY_HINT" value=""/>
        <Option Id="DISPLAY_VISIBILITY" value=""/>
        <Option Id="HW_VIO" value="hw_vio_1"/>
        <Option Id="INPUT_VALUE_RADIX" value="BINARY"/>
        <Option Id="NAME.CUSTOM" value=""/>
        <Option Id="NAME.SELECT" value="Long"/>
      </probeOptions>
      <nets>
        <net name="take_branch"/>
      </nets>
    </probe>
    <probe type="vio_input" busType="net" source="netlist" spec="VIO_INPUT_V2_RT">
      <probeOptions Id="DebugProbeParams">
        <Option Id="ACTIVITY_PERSISTENCE" value="SHORT"/>
        <Option Id="DISPLAY_HINT" value=""/>
        <Option Id="DISPLAY_VISIBILITY" value=""/>
        <Option Id="HW_VIO" value="hw_vio_1"/>
        <Option Id="INPUT_VALUE_RADIX" value="HEX"/>
        <Option Id="NAME.CUSTOM" value=""/>
        <Option Id="NAME.SELECT" value="Long"/>
      </probeOptions>
      <nets>
        <net name="wr_data[8]"/>
        <net name="wr_data[7]"/>
        <net name="wr_data[6]"/>
        <net name="wr_data[5]"/>
        <net name="wr_data[4]"/>
        <net name="wr_data[3]"/>
        <net name="wr_data[2]"/>
        <net name="wr_data[1]"/>
        <net name="wr_data[0]"/>
      </nets>
    </probe>
    <probe type="vio_output" busType="net" source="netlist" spec="VIO_OUTPUT_V2_RT">
      <probeOptions Id="DebugProbeParams">
        <Option Id="DISPLAY_HINT" value=""/>
        <Option Id="DISPLAY_VISIBILITY" value=""/>
        <Option Id="HW_VIO" value="hw_vio_1"/>
        <Option Id="NAME.CUSTOM" value=""/>
        <Option Id="NAME.SELECT" value="Long"/>
        <Option Id="OUTPUT_VALUE" value="0"/>
        <Option Id="OUTPUT_VALUE_RADIX" value="HEX"/>
      </probeOptions>
      <nets>
        <net name="ALUOp[2]"/>
        <net name="ALUOp[1]"/>
        <net name="ALUOp[0]"/>
      </nets>
    </probe>
    <probe type="vio_output" busType="net" source="netlist" spec="VIO_OUTPUT_V2_RT">
      <probeOptions Id="DebugProbeParams">
        <Option Id="DISPLAY_HINT" value=""/>
        <Option Id="DISPLAY_VISIBILITY" value=""/>
        <Option Id="HW_VIO" value="hw_vio_1"/>
        <Option Id="NAME.CUSTOM" value=""/>
        <Option Id="NAME.SELECT" value="Long"/>
        <Option Id="OUTPUT_VALUE" value="0"/>
        <Option Id="OUTPUT_VALUE_RADIX" value="BINARY"/>
      </probeOptions>
      <nets>
        <net name="ALUsrc1"/>
      </nets>
    </probe>
    <probe type="vio_output" busType="net" source="netlist" spec="VIO_OUTPUT_V2_RT">
      <probeOptions Id="DebugProbeParams">
        <Option Id="DISPLAY_HINT" value=""/>
        <Option Id="DISPLAY_VISIBILITY" value=""/>
        <Option Id="HW_VIO" value="hw_vio_1"/>
        <Option Id="NAME.CUSTOM" value=""/>
        <Option Id="NAME.SELECT" value="Long"/>
        <Option Id="OUTPUT_VALUE" value="1"/>
        <Option Id="OUTPUT_VALUE_RADIX" value="BINARY"/>
      </probeOptions>
      <nets>
        <net name="ALUsrc2"/>
      </nets>
    </probe>
    <probe type="vio_output" busType="net" source="netlist" spec="VIO_OUTPUT_V2_RT">
      <probeOptions Id="DebugProbeParams">
        <Option Id="DISPLAY_HINT" value=""/>
        <Option Id="DISPLAY_VISIBILITY" value=""/>
        <Option Id="HW_VIO" value="hw_vio_1"/>
        <Option Id="NAME.CUSTOM" value=""/>
        <Option Id="NAME.SELECT" value="Long"/>
        <Option Id="OUTPUT_VALUE" value="01"/>
        <Option Id="OUTPUT_VALUE_RADIX" value="HEX"/>
      </probeOptions>
      <nets>
        <net name="Instr_i[7]"/>
        <net name="Instr_i[6]"/>
        <net name="Instr_i[5]"/>
        <net name="Instr_i[4]"/>
        <net name="Instr_i[3]"/>
        <net name="Instr_i[2]"/>
        <net name="Instr_i[1]"/>
        <net name="Instr_i[0]"/>
      </nets>
    </probe>
    <probe type="vio_output" busType="net" source="netlist" spec="VIO_OUTPUT_V2_RT">
      <probeOptions Id="DebugProbeParams">
        <Option Id="DISPLAY_HINT" value=""/>
        <Option Id="DISPLAY_VISIBILITY" value=""/>
        <Option Id="HW_VIO" value="hw_vio_1"/>
        <Option Id="NAME.CUSTOM" value=""/>
        <Option Id="NAME.SELECT" value="Long"/>
        <Option Id="OUTPUT_VALUE" value="1"/>
        <Option Id="OUTPUT_VALUE_RADIX" value="BINARY"/>
      </probeOptions>
      <nets>
        <net name="MemToReg"/>
      </nets>
    </probe>
    <probe type="vio_output" busType="net" source="netlist" spec="VIO_OUTPUT_V2_RT">
      <probeOptions Id="DebugProbeParams">
        <Option Id="DISPLAY_HINT" value=""/>
        <Option Id="DISPLAY_VISIBILITY" value=""/>
        <Option Id="HW_VIO" value="hw_vio_1"/>
        <Option Id="NAME.CUSTOM" value=""/>
        <Option Id="NAME.SELECT" value="Long"/>
        <Option Id="OUTPUT_VALUE" value="0"/>
        <Option Id="OUTPUT_VALUE_RADIX" value="BINARY"/>
      </probeOptions>
      <nets>
        <net name="MemWrite"/>
      </nets>
    </probe>
    <probe type="vio_output" busType="net" source="netlist" spec="VIO_OUTPUT_V2_RT">
      <probeOptions Id="DebugProbeParams">
        <Option Id="DISPLAY_HINT" value=""/>
        <Option Id="DISPLAY_VISIBILITY" value=""/>
        <Option Id="HW_VIO" value="hw_vio_1"/>
        <Option Id="NAME.CUSTOM" value=""/>
        <Option Id="NAME.SELECT" value="Long"/>
        <Option Id="OUTPUT_VALUE" value="0"/>
        <Option Id="OUTPUT_VALUE_RADIX" value="BINARY"/>
      </probeOptions>
      <nets>
        <net name="MemtoReg"/>
      </nets>
    </probe>
    <probe type="vio_output" busType="net" source="netlist" spec="VIO_OUTPUT_V2_RT">
      <probeOptions Id="DebugProbeParams">
        <Option Id="DISPLAY_HINT" value=""/>
        <Option Id="DISPLAY_VISIBILITY" value=""/>
        <Option Id="HW_VIO" value="hw_vio_1"/>
        <Option Id="NAME.CUSTOM" value=""/>
        <Option Id="NAME.SELECT" value="Long"/>
        <Option Id="OUTPUT_VALUE" value="0"/>
        <Option Id="OUTPUT_VALUE_RADIX" value="BINARY"/>
      </probeOptions>
      <nets>
        <net name="RegWrite"/>
      </nets>
    </probe>
    <probe type="vio_output" busType="bus" source="netlist" spec="VIO_OUTPUT_V2_RT">
      <probeOptions Id="DebugProbeParams">
        <Option Id="DISPLAY_HINT" value=""/>
        <Option Id="DISPLAY_VISIBILITY" value=""/>
        <Option Id="HW_VIO" value="hw_vio_1"/>
        <Option Id="NAME.CUSTOM" value=""/>
        <Option Id="NAME.SELECT" value="Long"/>
        <Option Id="OUTPUT_VALUE" value="4000"/>
        <Option Id="OUTPUT_VALUE_RADIX" value="HEX"/>
      </probeOptions>
      <nets>
        <net name="instruction[15]"/>
        <net name="instruction[14]"/>
        <net name="instruction[13]"/>
        <net name="instruction[12]"/>
        <net name="instruction[11]"/>
        <net name="instruction[10]"/>
        <net name="instruction[9]"/>
        <net name="instruction[8]"/>
        <net name="instruction[7]"/>
        <net name="instruction[6]"/>
        <net name="instruction[5]"/>
        <net name="instruction[4]"/>
        <net name="instruction[3]"/>
        <net name="instruction[2]"/>
        <net name="instruction[1]"/>
        <net name="instruction[0]"/>
      </nets>
    </probe>
    <probe type="vio_output" busType="net" source="netlist" spec="VIO_OUTPUT_V2_RT">
      <probeOptions Id="DebugProbeParams">
        <Option Id="DISPLAY_HINT" value=""/>
        <Option Id="DISPLAY_VISIBILITY" value=""/>
        <Option Id="HW_VIO" value="hw_vio_1"/>
        <Option Id="NAME.CUSTOM" value=""/>
        <Option Id="NAME.SELECT" value="Long"/>
        <Option Id="OUTPUT_VALUE" value="1"/>
        <Option Id="OUTPUT_VALUE_RADIX" value="HEX"/>
      </probeOptions>
      <nets>
        <net name="rd0_addr[1]"/>
        <net name="rd0_addr[0]"/>
      </nets>
    </probe>
    <probe type="vio_output" busType="net" source="netlist" spec="VIO_OUTPUT_V2_RT">
      <probeOptions Id="DebugProbeParams">
        <Option Id="DISPLAY_HINT" value=""/>
        <Option Id="DISPLAY_VISIBILITY" value=""/>
        <Option Id="HW_VIO" value="hw_vio_1"/>
        <Option Id="NAME.CUSTOM" value=""/>
        <Option Id="NAME.SELECT" value="Long"/>
        <Option Id="OUTPUT_VALUE" value="2"/>
        <Option Id="OUTPUT_VALUE_RADIX" value="HEX"/>
      </probeOptions>
      <nets>
        <net name="rd1_addr[1]"/>
        <net name="rd1_addr[0]"/>
      </nets>
    </probe>
    <probe type="vio_output" busType="net" source="netlist" spec="VIO_OUTPUT_V2_RT">
      <probeOptions Id="DebugProbeParams">
        <Option Id="DISPLAY_HINT" value=""/>
        <Option Id="DISPLAY_VISIBILITY" value=""/>
        <Option Id="HW_VIO" value="hw_vio_1"/>
        <Option Id="NAME.CUSTOM" value=""/>
        <Option Id="NAME.SELECT" value="Long"/>
        <Option Id="OUTPUT_VALUE" value="2"/>
        <Option Id="OUTPUT_VALUE_RADIX" value="HEX"/>
      </probeOptions>
      <nets>
        <net name="wr_addr[1]"/>
        <net name="wr_addr[0]"/>
      </nets>
    </probe>
  </probeset>
</hwsession>
