<?xml version="1.0" encoding="UTF-8"?>
<GenRun Id="impl_1" LaunchPart="xc7z020clg484-1" LaunchTime="1537294970">
  <File Type="OPT-DCP" Name="adder8_top_opt.dcp"/>
  <File Type="ROUTE-STATUS-PB" Name="adder8_top_route_status.pb"/>
  <File Type="PA-TCL" Name="adder8_top.tcl"/>
  <File Type="RDI-RDI" Name="adder8_top.vdi"/>
  <File Type="PWROPT-DRC" Name="adder8_top_drc_pwropted.rpt"/>
  <File Type="OPT-METHODOLOGY-DRC" Name="adder8_top_methodology_drc_opted.rpt"/>
  <File Type="INIT-TIMING" Name="adder8_top_timing_summary_init.rpt"/>
  <File Type="OPT-DRC" Name="adder8_top_drc_opted.rpt"/>
  <File Type="PWROPT-DCP" Name="adder8_top_pwropt.dcp"/>
  <File Type="OPT-HWDEF" Name="adder8_top.hwdef"/>
  <File Type="OPT-TIMING" Name="adder8_top_timing_summary_opted.rpt"/>
  <File Type="PWROPT-TIMING" Name="adder8_top_timing_summary_pwropted.rpt"/>
  <File Type="PLACE-DCP" Name="adder8_top_placed.dcp"/>
  <File Type="PLACE-IO" Name="adder8_top_io_placed.rpt"/>
  <File Type="PLACE-CLK" Name="adder8_top_clock_utilization_placed.rpt"/>
  <File Type="PLACE-UTIL" Name="adder8_top_utilization_placed.rpt"/>
  <File Type="PLACE-UTIL-PB" Name="adder8_top_utilization_placed.pb"/>
  <File Type="PLACE-CTRL" Name="adder8_top_control_sets_placed.rpt"/>
  <File Type="PLACE-SIMILARITY" Name="adder8_top_incremental_reuse_placed.rpt"/>
  <File Type="PLACE-PRE-SIMILARITY" Name="adder8_top_incremental_reuse_pre_placed.rpt"/>
  <File Type="PLACE-TIMING" Name="adder8_top_timing_summary_placed.rpt"/>
  <File Type="POSTPLACE-PWROPT-DCP" Name="adder8_top_postplace_pwropt.dcp"/>
  <File Type="POSTPLACE-PWROPT-TIMING" Name="adder8_top_timing_summary_postplace_pwropted.rpt"/>
  <File Type="PHYSOPT-DCP" Name="adder8_top_physopt.dcp"/>
  <File Type="PHYSOPT-DRC" Name="adder8_top_drc_physopted.rpt"/>
  <File Type="PHYSOPT-TIMING" Name="adder8_top_timing_summary_physopted.rpt"/>
  <File Type="ROUTE-DCP" Name="adder8_top_routed.dcp"/>
  <File Type="ROUTE-BLACKBOX-DCP" Name="adder8_top_routed_bb.dcp"/>
  <File Type="ROUTE-DRC" Name="adder8_top_drc_routed.rpt"/>
  <File Type="ROUTE-DRC-PB" Name="adder8_top_drc_routed.pb"/>
  <File Type="ROUTE-METHODOLOGY-DRC" Name="adder8_top_methodology_drc_routed.rpt"/>
  <File Type="BG-BIT" Name="adder8_top.bit"/>
  <File Type="ROUTE-METHODOLOGY-DRC-PB" Name="adder8_top_methodology_drc_routed.pb"/>
  <File Type="ROUTE-PWR" Name="adder8_top_power_routed.rpt"/>
  <File Type="ROUTE-PWR-SUM" Name="adder8_top_power_summary_routed.pb"/>
  <File Type="ROUTE-PWR-RPX" Name="adder8_top_power_routed.rpx"/>
  <File Type="ROUTE-STATUS" Name="adder8_top_route_status.rpt"/>
  <File Type="ROUTE-TIMINGSUMMARY" Name="adder8_top_timing_summary_routed.rpt"/>
  <File Type="ROUTE-TIMING-PB" Name="adder8_top_timing_summary_routed.pb"/>
  <File Type="ROUTE-TIMING-RPX" Name="adder8_top_timing_summary_routed.rpx"/>
  <File Type="ROUTE-SIMILARITY" Name="adder8_top_incremental_reuse_routed.rpt"/>
  <File Type="ROUTE-CLK" Name="adder8_top_clock_utilization_routed.rpt"/>
  <File Type="POSTROUTE-PHYSOPT-DCP" Name="adder8_top_postroute_physopt.dcp"/>
  <File Type="POSTROUTE-PHYSOPT-BLACKBOX-DCP" Name="adder8_top_postroute_physopt_bb.dcp"/>
  <File Type="POSTROUTE-PHYSOPT-TIMING" Name="adder8_top_timing_summary_postroute_physopted.rpt"/>
  <File Type="POSTROUTE-PHYSOPT-TIMING-PB" Name="adder8_top_timing_summary_postroute_physopted.pb"/>
  <File Type="POSTROUTE-PHYSOPT-TIMING-RPX" Name="adder8_top_timing_summary_postroute_physopted.rpx"/>
  <File Type="BG-BIN" Name="adder8_top.bin"/>
  <File Type="BITSTR-MSK" Name="adder8_top.msk"/>
  <File Type="BITSTR-RBT" Name="adder8_top.rbt"/>
  <File Type="BITSTR-NKY" Name="adder8_top.nky"/>
  <File Type="BITSTR-BMM" Name="adder8_top_bd.bmm"/>
  <File Type="BITSTR-MMI" Name="adder8_top.mmi"/>
  <File Type="BITSTR-SYSDEF" Name="adder8_top.sysdef"/>
  <File Type="BG-BGN" Name="adder8_top.bgn"/>
  <File Type="BG-DRC" Name="adder8_top.drc"/>
  <File Type="WBT-USG" Name="usage_statistics_webtalk.html"/>
  <FileSet Name="sources" Type="DesignSrcs" RelSrcDir="$PSRCDIR/sources_1">
    <Filter Type="Srcs"/>
    <File Path="$PPRDIR/../../../../../../../../Downloads/OLED_source_files/OLED_source_files/HDLs/BINBCD8.vhd">
      <FileInfo>
        <Attr Name="UsedIn" Val="synthesis"/>
        <Attr Name="UsedIn" Val="simulation"/>
      </FileInfo>
    </File>
    <File Path="$PPRDIR/../../../../../../../../Downloads/OLED_source_files/OLED_source_files/HDLs/Delay.vhd">
      <FileInfo>
        <Attr Name="UsedIn" Val="synthesis"/>
        <Attr Name="UsedIn" Val="simulation"/>
      </FileInfo>
    </File>
    <File Path="$PPRDIR/../../../../../../../../Downloads/OLED_source_files/OLED_source_files/HDLs/SIGNDET.vhd">
      <FileInfo>
        <Attr Name="UsedIn" Val="synthesis"/>
        <Attr Name="UsedIn" Val="simulation"/>
      </FileInfo>
    </File>
    <File Path="$PPRDIR/../../../../../../../../Downloads/OLED_source_files/OLED_source_files/HDLs/SpiCtrl.vhd">
      <FileInfo>
        <Attr Name="UsedIn" Val="synthesis"/>
        <Attr Name="UsedIn" Val="simulation"/>
      </FileInfo>
    </File>
    <File Path="$PPRDIR/../../../../../../../../Downloads/OLED_source_files/OLED_source_files/HDLs/OledExample.vhd">
      <FileInfo>
        <Attr Name="UsedIn" Val="synthesis"/>
        <Attr Name="UsedIn" Val="simulation"/>
      </FileInfo>
    </File>
    <File Path="$PPRDIR/../../../../../../../../Downloads/OLED_source_files/OLED_source_files/HDLs/OledInit.vhd">
      <FileInfo>
        <Attr Name="UsedIn" Val="synthesis"/>
        <Attr Name="UsedIn" Val="simulation"/>
      </FileInfo>
    </File>
    <File Path="$PSRCDIR/sources_1/new/eightbit_adder.v">
      <FileInfo>
        <Attr Name="ImportPath" Val="$PPRDIR/../../../../../../../../lab1/lab1.srcs/sources_1/new/eightbit_adder.v"/>
        <Attr Name="ImportTime" Val="1537292018"/>
        <Attr Name="UsedIn" Val="synthesis"/>
        <Attr Name="UsedIn" Val="implementation"/>
        <Attr Name="UsedIn" Val="simulation"/>
      </FileInfo>
    </File>
    <File Path="$PPRDIR/../../../../../../../../Downloads/OLED_source_files/OLED_source_files/HDLs/PmodOLEDCtrl.vhd">
      <FileInfo>
        <Attr Name="UsedIn" Val="synthesis"/>
        <Attr Name="UsedIn" Val="simulation"/>
      </FileInfo>
    </File>
    <File Path="$PPRDIR/../../../../../../../../Downloads/adder8_top.v">
      <FileInfo>
        <Attr Name="UsedIn" Val="synthesis"/>
        <Attr Name="UsedIn" Val="implementation"/>
        <Attr Name="UsedIn" Val="simulation"/>
      </FileInfo>
    </File>
    <File Path="$PPRDIR/../../../../../../../../Downloads/OLED_source_files/OLED_source_files/IP_srcs/charLib.coe">
      <FileInfo>
        <Attr Name="UsedIn" Val="synthesis"/>
        <Attr Name="UsedIn" Val="simulation"/>
      </FileInfo>
    </File>
    <Config>
      <Option Name="DesignMode" Val="RTL"/>
      <Option Name="TopModule" Val="adder8_top"/>
      <Option Name="TopAutoSet" Val="TRUE"/>
    </Config>
  </FileSet>
  <FileSet Name="constrs_in" Type="Constrs" RelSrcDir="$PSRCDIR/constrs_1">
    <Filter Type="Constrs"/>
    <File Path="$PPRDIR/../../../../../../../../Downloads/eightbit_adder.xdc">
      <FileInfo>
        <Attr Name="UsedIn" Val="synthesis"/>
        <Attr Name="UsedIn" Val="implementation"/>
      </FileInfo>
    </File>
    <Config>
      <Option Name="ConstrsType" Val="XDC"/>
    </Config>
  </FileSet>
  <Strategy Version="1" Minor="2">
    <StratHandle Name="Vivado Implementation Defaults" Flow="Vivado Implementation 2016"/>
    <Step Id="init_design"/>
    <Step Id="opt_design"/>
    <Step Id="power_opt_design"/>
    <Step Id="place_design"/>
    <Step Id="post_place_power_opt_design"/>
    <Step Id="phys_opt_design"/>
    <Step Id="route_design"/>
    <Step Id="post_route_phys_opt_design"/>
    <Step Id="write_bitstream"/>
  </Strategy>
  <BlockFileSet Type="BlockSrcs" Name="charLib"/>
</GenRun>
