<?xml version="1.0" encoding="UTF-8"?>
<!-- Product Version: Vivado v2015.2 (64-bit)                     -->
<!--                                                              -->
<!-- Copyright 1986-2015 Xilinx, Inc. All Rights Reserved.        -->

<hwsession version="1" minor="1">
  <device name="xc7z020_1" gui_info="dashboard1=hw_vios[xc7z020_1/hw_vio_1=VIO_PROBES_1;]"/>
  <ObjectList object_type="hw_device" gui_info="">
    <Object name="xc7z020_1" gui_info="">
      <Properties Property="PROBES.FILE" value="$_project_name_.runs/impl_1/debug_nets.ltx"/>
      <Properties Property="PROGRAM.HW_BITSTREAM" value="$_project_name_.runs/impl_1/eightbit_alu_top.bit"/>
    </Object>
  </ObjectList>
  <ObjectList object_type="hw_probe" gui_info="">
    <Object name="alu_1st_input[7:0]" gui_info="hw_vios/hw_vio_1=0"/>
    <Object name="alu_2nd_input[7:0]" gui_info="hw_vios/hw_vio_1=1"/>
    <Object name="alu_operation_sel[2:0]" gui_info="hw_vios/hw_vio_1=2"/>
    <Object name="alu_output[7:0]" gui_info="hw_vios/hw_vio_1=3"/>
    <Object name="alu_ovf_flag" gui_info="hw_vios/hw_vio_1=4"/>
    <Object name="alu_take_branch_output" gui_info="hw_vios/hw_vio_1=5"/>
  </ObjectList>
  <probeset name="hw project" active="false">
    <probe type="vio_input" busType="bus" source="netlist" spec="VIO_INPUT_V2_RT">
      <probeOptions Id="DebugProbeParams">
        <Option Id="ACTIVITY_PERSISTENCE" value="SHORT"/>
        <Option Id="DISPLAY_HINT" value=""/>
        <Option Id="DISPLAY_VISIBILITY" value=""/>
        <Option Id="HW_VIO" value="hw_vio_1"/>
        <Option Id="INPUT_VALUE_RADIX" value="BINARY"/>
        <Option Id="NAME.CUSTOM" value=""/>
        <Option Id="NAME.SELECT" value="Long"/>
      </probeOptions>
      <nets>
        <net name="alu_output[7]"/>
        <net name="alu_output[6]"/>
        <net name="alu_output[5]"/>
        <net name="alu_output[4]"/>
        <net name="alu_output[3]"/>
        <net name="alu_output[2]"/>
        <net name="alu_output[1]"/>
        <net name="alu_output[0]"/>
      </nets>
    </probe>
    <probe type="vio_input" busType="net" source="netlist" spec="VIO_INPUT_V2_RT">
      <probeOptions Id="DebugProbeParams">
        <Option Id="ACTIVITY_PERSISTENCE" value="SHORT"/>
        <Option Id="DISPLAY_HINT" value=""/>
        <Option Id="DISPLAY_VISIBILITY" value=""/>
        <Option Id="HW_VIO" value="hw_vio_1"/>
        <Option Id="INPUT_VALUE_RADIX" value="BINARY"/>
        <Option Id="NAME.CUSTOM" value=""/>
        <Option Id="NAME.SELECT" value="Long"/>
      </probeOptions>
      <nets>
        <net name="alu_ovf_flag"/>
      </nets>
    </probe>
    <probe type="vio_input" busType="net" source="netlist" spec="VIO_INPUT_V2_RT">
      <probeOptions Id="DebugProbeParams">
        <Option Id="ACTIVITY_PERSISTENCE" value="SHORT"/>
        <Option Id="DISPLAY_HINT" value=""/>
        <Option Id="DISPLAY_VISIBILITY" value=""/>
        <Option Id="HW_VIO" value="hw_vio_1"/>
        <Option Id="INPUT_VALUE_RADIX" value="BINARY"/>
        <Option Id="NAME.CUSTOM" value=""/>
        <Option Id="NAME.SELECT" value="Long"/>
      </probeOptions>
      <nets>
        <net name="alu_take_branch_output"/>
      </nets>
    </probe>
    <probe type="vio_output" busType="bus" source="netlist" spec="VIO_OUTPUT_V2_RT">
      <probeOptions Id="DebugProbeParams">
        <Option Id="DISPLAY_HINT" value=""/>
        <Option Id="DISPLAY_VISIBILITY" value=""/>
        <Option Id="HW_VIO" value="hw_vio_1"/>
        <Option Id="NAME.CUSTOM" value=""/>
        <Option Id="NAME.SELECT" value="Long"/>
        <Option Id="OUTPUT_VALUE" value="10110111"/>
        <Option Id="OUTPUT_VALUE_RADIX" value="BINARY"/>
      </probeOptions>
      <nets>
        <net name="alu_1st_input[7]"/>
        <net name="alu_1st_input[6]"/>
        <net name="alu_1st_input[5]"/>
        <net name="alu_1st_input[4]"/>
        <net name="alu_1st_input[3]"/>
        <net name="alu_1st_input[2]"/>
        <net name="alu_1st_input[1]"/>
        <net name="alu_1st_input[0]"/>
      </nets>
    </probe>
    <probe type="vio_output" busType="bus" source="netlist" spec="VIO_OUTPUT_V2_RT">
      <probeOptions Id="DebugProbeParams">
        <Option Id="DISPLAY_HINT" value=""/>
        <Option Id="DISPLAY_VISIBILITY" value=""/>
        <Option Id="HW_VIO" value="hw_vio_1"/>
        <Option Id="NAME.CUSTOM" value=""/>
        <Option Id="NAME.SELECT" value="Long"/>
        <Option Id="OUTPUT_VALUE" value="10110111"/>
        <Option Id="OUTPUT_VALUE_RADIX" value="BINARY"/>
      </probeOptions>
      <nets>
        <net name="alu_2nd_input[7]"/>
        <net name="alu_2nd_input[6]"/>
        <net name="alu_2nd_input[5]"/>
        <net name="alu_2nd_input[4]"/>
        <net name="alu_2nd_input[3]"/>
        <net name="alu_2nd_input[2]"/>
        <net name="alu_2nd_input[1]"/>
        <net name="alu_2nd_input[0]"/>
      </nets>
    </probe>
    <probe type="vio_output" busType="bus" source="netlist" spec="VIO_OUTPUT_V2_RT">
      <probeOptions Id="DebugProbeParams">
        <Option Id="DISPLAY_HINT" value=""/>
        <Option Id="DISPLAY_VISIBILITY" value=""/>
        <Option Id="HW_VIO" value="hw_vio_1"/>
        <Option Id="NAME.CUSTOM" value=""/>
        <Option Id="NAME.SELECT" value="Long"/>
        <Option Id="OUTPUT_VALUE" value="110"/>
        <Option Id="OUTPUT_VALUE_RADIX" value="BINARY"/>
      </probeOptions>
      <nets>
        <net name="alu_operation_sel[2]"/>
        <net name="alu_operation_sel[1]"/>
        <net name="alu_operation_sel[0]"/>
      </nets>
    </probe>
  </probeset>
</hwsession>
