<?xml version="1.0" encoding="UTF-8"?>
<GenRun Id="impl_1" LaunchPart="xc7z020clg484-1" LaunchTime="1538503857">
  <File Type="RUN-CONSTRS" Name="$PDATADIR/runs/impl_1/constrs_in.xml"/>
  <File Type="OPT-DCP" Name="eightbit_alu_top_opt.dcp"/>
  <File Type="RUN-SRCS" Name="$PDATADIR/runs/impl_1/sources.xml"/>
  <File Type="RUN-STRAT" Name="$PDATADIR/runs/impl_1/impl_1.psg"/>
  <File Type="ROUTE-DCP" Name="eightbit_alu_top_routed.dcp"/>
  <File Type="PA-TCL" Name="eightbit_alu_top.tcl"/>
  <File Type="PWROPT-DCP" Name="eightbit_alu_top_pwropt.dcp"/>
  <File Type="OPT-DRC" Name="eightbit_alu_top_drc_opted.rpt"/>
  <File Type="PWROPT-DRC" Name="eightbit_alu_top_drc_pwropted.rpt"/>
  <File Type="OPT-HWDEF" Name="eightbit_alu_top.hwdef"/>
  <File Type="PLACE-DCP" Name="eightbit_alu_top_placed.dcp"/>
  <File Type="PLACE-IO" Name="eightbit_alu_top_io_placed.rpt"/>
  <File Type="PLACE-CLK" Name="eightbit_alu_top_clock_utilization_placed.rpt"/>
  <File Type="PLACE-UTIL" Name="eightbit_alu_top_utilization_placed.rpt"/>
  <File Type="PLACE-UTIL-PB" Name="eightbit_alu_top_utilization_placed.pb"/>
  <File Type="PLACE-CTRL" Name="eightbit_alu_top_control_sets_placed.rpt"/>
  <File Type="PLACE-SIMILARITY" Name="eightbit_alu_top_incremental_reuse_placed.rpt"/>
  <File Type="PLACE-PRE-SIMILARITY" Name="eightbit_alu_top_incremental_reuse_pre_placed.rpt"/>
  <File Type="POSTPLACE-PWROPT-DCP" Name="eightbit_alu_top_postplace_pwropt.dcp"/>
  <File Type="PHYSOPT-DCP" Name="eightbit_alu_top_physopt.dcp"/>
  <File Type="PHYSOPT-DRC" Name="eightbit_alu_top_drc_physopted.rpt"/>
  <File Type="RDI-RDI" Name="eightbit_alu_top.vdi"/>
  <File Type="ROUTE-DRC" Name="eightbit_alu_top_drc_routed.rpt"/>
  <File Type="ROUTE-DRC-PB" Name="eightbit_alu_top_drc_routed.pb"/>
  <File Type="ROUTE-PWR" Name="eightbit_alu_top_power_routed.rpt"/>
  <File Type="ROUTE-PWR-SUM" Name="eightbit_alu_top_power_summary_routed.pb"/>
  <File Type="ROUTE-STATUS" Name="eightbit_alu_top_route_status.rpt"/>
  <File Type="ROUTE-STATUS-PB" Name="eightbit_alu_top_route_status.pb"/>
  <File Type="ROUTE-TIMINGSUMMARY" Name="eightbit_alu_top_timing_summary_routed.rpt"/>
  <File Type="ROUTE-TIMING-PB" Name="eightbit_alu_top_timing_summary_routed.pb"/>
  <File Type="ROUTE-TIMING-RPX" Name="eightbit_alu_top_timing_summary_routed.rpx"/>
  <File Type="ROUTE-SIMILARITY" Name="eightbit_alu_top_incremental_reuse_routed.rpt"/>
  <File Type="ROUTE-CLK" Name="eightbit_alu_top_clock_utilization_routed.rpt"/>
  <File Type="POSTROUTE-PHYSOPT-DCP" Name="eightbit_alu_top_postroute_physopt.dcp"/>
  <File Type="POSTROUTE-PHYSOPT-TIMING" Name="eightbit_alu_top_timing_summary_postroute_physopted.rpt"/>
  <File Type="POSTROUTE-PHYSOPT-TIMING-PB" Name="eightbit_alu_top_timing_summary_postroute_physopted.pb"/>
  <File Type="POSTROUTE-PHYSOPT-TIMING-RPX" Name="eightbit_alu_top_timing_summary_postroute_physopted.rpx"/>
  <File Type="BG-BIT" Name="eightbit_alu_top.bit"/>
  <File Type="BG-BIN" Name="eightbit_alu_top.bin"/>
  <File Type="BITSTR-MSK" Name="eightbit_alu_top.msk"/>
  <File Type="BITSTR-RBT" Name="eightbit_alu_top.rbt"/>
  <File Type="BITSTR-NKY" Name="eightbit_alu_top.nky"/>
  <File Type="BITSTR-BMM" Name="eightbit_alu_top_bd.bmm"/>
  <File Type="BITSTR-MMI" Name="eightbit_alu_top.mmi"/>
  <File Type="BITSTR-SYSDEF" Name="eightbit_alu_top.sysdef"/>
  <File Type="BG-BGN" Name="eightbit_alu_top.bgn"/>
  <File Type="BG-DRC" Name="eightbit_alu_top.drc"/>
  <File Type="WBT-USG" Name="usage_statistics_webtalk.html"/>
  <FileSet Name="sources" Type="DesignSrcs" RelSrcDir="$PSRCDIR/sources_1">
    <Filter Type="Srcs"/>
    <File Path="$PPRDIR/../../../../../Downloads/OLED_source_files(1)/OLED_source_files/HDLs/SIGNDET.vhd">
      <FileInfo>
        <Attr Name="UsedIn" Val="synthesis"/>
        <Attr Name="UsedIn" Val="simulation"/>
      </FileInfo>
    </File>
    <File Path="$PPRDIR/../../../../../Downloads/OLED_source_files(1)/OLED_source_files/HDLs/BINBCD8.vhd">
      <FileInfo>
        <Attr Name="UsedIn" Val="synthesis"/>
        <Attr Name="UsedIn" Val="simulation"/>
      </FileInfo>
    </File>
    <File Path="$PPRDIR/../../../../../Downloads/OLED_source_files(1)/OLED_source_files/HDLs/SpiCtrl.vhd">
      <FileInfo>
        <Attr Name="UsedIn" Val="synthesis"/>
        <Attr Name="UsedIn" Val="simulation"/>
      </FileInfo>
    </File>
    <File Path="$PPRDIR/../../../../../Downloads/OLED_source_files(1)/OLED_source_files/HDLs/Delay.vhd">
      <FileInfo>
        <Attr Name="UsedIn" Val="synthesis"/>
        <Attr Name="UsedIn" Val="simulation"/>
      </FileInfo>
    </File>
    <File Path="$PPRDIR/../../../../../Downloads/OLED_source_files(1)/OLED_source_files/HDLs/OledInit.vhd">
      <FileInfo>
        <Attr Name="UsedIn" Val="synthesis"/>
        <Attr Name="UsedIn" Val="simulation"/>
      </FileInfo>
    </File>
    <File Path="$PPRDIR/../../../../../Downloads/OLED_source_files(1)/OLED_source_files/HDLs/OledExample.vhd">
      <FileInfo>
        <Attr Name="UsedIn" Val="synthesis"/>
        <Attr Name="UsedIn" Val="simulation"/>
      </FileInfo>
    </File>
    <File Path="$PSRCDIR/sources_1/imports/new/eightbit_alu.v">
      <FileInfo>
        <Attr Name="ImportPath" Val="$PPRDIR/../../../../../lab3/lab3.srcs/sim_1/new/eightbit_alu.v"/>
        <Attr Name="ImportTime" Val="1538501718"/>
        <Attr Name="UsedIn" Val="synthesis"/>
        <Attr Name="UsedIn" Val="implementation"/>
        <Attr Name="UsedIn" Val="simulation"/>
      </FileInfo>
    </File>
    <File Path="$PPRDIR/../../../../../Downloads/OLED_source_files(1)/OLED_source_files/HDLs/PmodOLEDCtrl.vhd">
      <FileInfo>
        <Attr Name="UsedIn" Val="synthesis"/>
        <Attr Name="UsedIn" Val="simulation"/>
      </FileInfo>
    </File>
    <File Path="$PPRDIR/../../../../../Downloads/eightbit_alu_top(1).v">
      <FileInfo>
        <Attr Name="UsedIn" Val="synthesis"/>
        <Attr Name="UsedIn" Val="implementation"/>
        <Attr Name="UsedIn" Val="simulation"/>
      </FileInfo>
    </File>
    <File Path="$PPRDIR/../../../../../Downloads/OLED_source_files(1)/OLED_source_files/IP_srcs/charLib.coe">
      <FileInfo>
        <Attr Name="UsedIn" Val="synthesis"/>
        <Attr Name="UsedIn" Val="simulation"/>
      </FileInfo>
    </File>
    <Config>
      <Option Name="DesignMode" Val="RTL"/>
      <Option Name="TopModule" Val="eightbit_alu_top"/>
      <Option Name="TopAutoSet" Val="TRUE"/>
    </Config>
  </FileSet>
  <FileSet Name="constrs_in" Type="Constrs" RelSrcDir="$PSRCDIR/constrs_1">
    <Filter Type="Constrs"/>
    <File Path="$PPRDIR/../../../../../Downloads/eightbit_alu(1).xdc">
      <FileInfo>
        <Attr Name="UsedIn" Val="synthesis"/>
        <Attr Name="UsedIn" Val="implementation"/>
      </FileInfo>
    </File>
    <Config>
      <Option Name="ConstrsType" Val="XDC"/>
    </Config>
  </FileSet>
  <Strategy Version="1" Minor="2">
    <StratHandle Name="Vivado Implementation Defaults" Flow="Vivado Implementation 2015"/>
    <Step Id="init_design"/>
    <Step Id="opt_design"/>
    <Step Id="power_opt_design"/>
    <Step Id="place_design"/>
    <Step Id="post_place_power_opt_design"/>
    <Step Id="phys_opt_design"/>
    <Step Id="route_design"/>
    <Step Id="post_route_phys_opt_design"/>
    <Step Id="write_bitstream"/>
  </Strategy>
  <BlockFileSet Type="BlockSrcs" Name="vio_0"/>
  <BlockFileSet Type="BlockSrcs" Name="charLib"/>
</GenRun>
