<?xml version="1.0" encoding="UTF-8"?>
<GenRun Id="data_memory_synth_1" LaunchPart="xc7z020clg484-1" LaunchTime="1540318457">
  <File Type="RUN-CONSTRS" Name="$PDATADIR/runs/data_memory_synth_1/constrs_in.xml"/>
  <File Type="RDS-DCP" Name="data_memory.dcp"/>
  <File Type="RUN-SRCS" Name="$PDATADIR/runs/data_memory_synth_1/sources.xml"/>
  <File Type="RDS-UTIL-PB" Name="data_memory_utilization_synth.pb"/>
  <File Type="RUN-STRAT" Name="$PDATADIR/runs/data_memory_synth_1/data_memory_synth_1.psg"/>
  <File Type="PA-TCL" Name="data_memory.tcl"/>
  <File Type="RDS-PROPCONSTRS" Name="data_memory_drc_synth.rpt"/>
  <File Type="RDS-RDS" Name="data_memory.vds"/>
  <File Type="RDS-UTIL" Name="data_memory_utilization_synth.rpt"/>
  <File Type="VDS-TIMINGSUMMARY" Name="data_memory_timing_summary_synth.rpt"/>
  <File Type="VDS-TIMING-PB" Name="data_memory_timing_summary_synth.pb"/>
  <FileSet Name="sources" Type="BlockSrcs" RelSrcDir="$PSRCDIR/data_memory">
    <File Path="$PSRCDIR/sources_1/ip/data_memory/data_memory.xci">
      <FileInfo>
        <Attr Name="ImportPath" Val="$PPRDIR/../../../../../../../../../../../../../../../../../../../../../../../../../../lab_5/lab_5.srcs/sources_1/ip/data_memory/data_memory.xci"/>
        <Attr Name="ImportTime" Val="1540318452"/>
        <Attr Name="UsedIn" Val="synthesis"/>
        <Attr Name="UsedIn" Val="implementation"/>
        <Attr Name="UsedIn" Val="simulation"/>
      </FileInfo>
    </File>
    <Config>
      <Option Name="TopModule" Val="data_memory"/>
      <Option Name="UseBlackboxStub" Val="1"/>
    </Config>
  </FileSet>
  <FileSet Name="constrs_in" Type="BlockSrcs" RelSrcDir="$PSRCDIR/data_memory">
    <File Path="$PSRCDIR/sources_1/ip/data_memory/data_memory.xci">
      <FileInfo>
        <Attr Name="ImportPath" Val="$PPRDIR/../../../../../../../../../../../../../../../../../../../../../../../../../../lab_5/lab_5.srcs/sources_1/ip/data_memory/data_memory.xci"/>
        <Attr Name="ImportTime" Val="1540318452"/>
        <Attr Name="UsedIn" Val="synthesis"/>
        <Attr Name="UsedIn" Val="implementation"/>
        <Attr Name="UsedIn" Val="simulation"/>
      </FileInfo>
    </File>
    <Config>
      <Option Name="TopModule" Val="data_memory"/>
      <Option Name="UseBlackboxStub" Val="1"/>
    </Config>
  </FileSet>
  <Strategy Version="1" Minor="2">
    <StratHandle Name="Vivado Synthesis Defaults" Flow="Vivado Synthesis 2015"/>
    <Step Id="synth_design"/>
  </Strategy>
</GenRun>
