<?xml version="1.0" encoding="UTF-8"?>
<GenRun Id="impl_1" LaunchPart="xc7z020clg484-1" LaunchTime="1540321491">
  <File Type="RUN-CONSTRS" Name="$PDATADIR/runs/impl_1/constrs_in.xml"/>
  <File Type="OPT-DCP" Name="pdatapath_top_opt.dcp"/>
  <File Type="RUN-SRCS" Name="$PDATADIR/runs/impl_1/sources.xml"/>
  <File Type="RUN-STRAT" Name="$PDATADIR/runs/impl_1/impl_1.psg"/>
  <File Type="ROUTE-DCP" Name="pdatapath_top_routed.dcp"/>
  <File Type="PA-TCL" Name="pdatapath_top.tcl"/>
  <File Type="PWROPT-DCP" Name="pdatapath_top_pwropt.dcp"/>
  <File Type="OPT-DRC" Name="pdatapath_top_drc_opted.rpt"/>
  <File Type="PWROPT-DRC" Name="pdatapath_top_drc_pwropted.rpt"/>
  <File Type="OPT-HWDEF" Name="pdatapath_top.hwdef"/>
  <File Type="PLACE-DCP" Name="pdatapath_top_placed.dcp"/>
  <File Type="PLACE-IO" Name="pdatapath_top_io_placed.rpt"/>
  <File Type="PLACE-CLK" Name="pdatapath_top_clock_utilization_placed.rpt"/>
  <File Type="PLACE-UTIL" Name="pdatapath_top_utilization_placed.rpt"/>
  <File Type="PLACE-UTIL-PB" Name="pdatapath_top_utilization_placed.pb"/>
  <File Type="PLACE-CTRL" Name="pdatapath_top_control_sets_placed.rpt"/>
  <File Type="PLACE-SIMILARITY" Name="pdatapath_top_incremental_reuse_placed.rpt"/>
  <File Type="PLACE-PRE-SIMILARITY" Name="pdatapath_top_incremental_reuse_pre_placed.rpt"/>
  <File Type="POSTPLACE-PWROPT-DCP" Name="pdatapath_top_postplace_pwropt.dcp"/>
  <File Type="PHYSOPT-DCP" Name="pdatapath_top_physopt.dcp"/>
  <File Type="PHYSOPT-DRC" Name="pdatapath_top_drc_physopted.rpt"/>
  <File Type="RDI-RDI" Name="pdatapath_top.vdi"/>
  <File Type="ROUTE-DRC" Name="pdatapath_top_drc_routed.rpt"/>
  <File Type="ROUTE-DRC-PB" Name="pdatapath_top_drc_routed.pb"/>
  <File Type="ROUTE-PWR" Name="pdatapath_top_power_routed.rpt"/>
  <File Type="ROUTE-PWR-SUM" Name="pdatapath_top_power_summary_routed.pb"/>
  <File Type="ROUTE-STATUS" Name="pdatapath_top_route_status.rpt"/>
  <File Type="ROUTE-STATUS-PB" Name="pdatapath_top_route_status.pb"/>
  <File Type="ROUTE-TIMINGSUMMARY" Name="pdatapath_top_timing_summary_routed.rpt"/>
  <File Type="ROUTE-TIMING-PB" Name="pdatapath_top_timing_summary_routed.pb"/>
  <File Type="ROUTE-TIMING-RPX" Name="pdatapath_top_timing_summary_routed.rpx"/>
  <File Type="ROUTE-SIMILARITY" Name="pdatapath_top_incremental_reuse_routed.rpt"/>
  <File Type="ROUTE-CLK" Name="pdatapath_top_clock_utilization_routed.rpt"/>
  <File Type="POSTROUTE-PHYSOPT-DCP" Name="pdatapath_top_postroute_physopt.dcp"/>
  <File Type="POSTROUTE-PHYSOPT-TIMING" Name="pdatapath_top_timing_summary_postroute_physopted.rpt"/>
  <File Type="POSTROUTE-PHYSOPT-TIMING-PB" Name="pdatapath_top_timing_summary_postroute_physopted.pb"/>
  <File Type="POSTROUTE-PHYSOPT-TIMING-RPX" Name="pdatapath_top_timing_summary_postroute_physopted.rpx"/>
  <File Type="BG-BIT" Name="pdatapath_top.bit"/>
  <File Type="BG-BIN" Name="pdatapath_top.bin"/>
  <File Type="BITSTR-MSK" Name="pdatapath_top.msk"/>
  <File Type="BITSTR-RBT" Name="pdatapath_top.rbt"/>
  <File Type="BITSTR-NKY" Name="pdatapath_top.nky"/>
  <File Type="BITSTR-BMM" Name="pdatapath_top_bd.bmm"/>
  <File Type="BITSTR-MMI" Name="pdatapath_top.mmi"/>
  <File Type="BITSTR-SYSDEF" Name="pdatapath_top.sysdef"/>
  <File Type="BG-BGN" Name="pdatapath_top.bgn"/>
  <File Type="BG-DRC" Name="pdatapath_top.drc"/>
  <File Type="WBT-USG" Name="usage_statistics_webtalk.html"/>
  <FileSet Name="sources" Type="DesignSrcs" RelSrcDir="$PSRCDIR/sources_1">
    <Filter Type="Srcs"/>
    <File Path="$PSRCDIR/sources_1/new/reg_file.v">
      <FileInfo>
        <Attr Name="ImportPath" Val="$PPRDIR/../../../../../lab_5/lab_5.srcs/sources_1/new/reg_file.v"/>
        <Attr Name="ImportTime" Val="1540318031"/>
        <Attr Name="UsedIn" Val="synthesis"/>
        <Attr Name="UsedIn" Val="implementation"/>
        <Attr Name="UsedIn" Val="simulation"/>
      </FileInfo>
    </File>
    <File Path="$PSRCDIR/sources_1/new/eightbit_alu.v">
      <FileInfo>
        <Attr Name="ImportPath" Val="$PPRDIR/../../../../../lab_5/lab_5.srcs/sources_1/new/eightbit_alu.v"/>
        <Attr Name="ImportTime" Val="1540317989"/>
        <Attr Name="UsedIn" Val="synthesis"/>
        <Attr Name="UsedIn" Val="implementation"/>
        <Attr Name="UsedIn" Val="simulation"/>
      </FileInfo>
    </File>
    <File Path="$PSRCDIR/sources_1/new/alu_regfile.v">
      <FileInfo>
        <Attr Name="ImportPath" Val="$PPRDIR/../../../../../lab_5/lab_5.srcs/sources_1/new/alu_regfile.v"/>
        <Attr Name="ImportTime" Val="1540320846"/>
        <Attr Name="UsedIn" Val="synthesis"/>
        <Attr Name="UsedIn" Val="implementation"/>
        <Attr Name="UsedIn" Val="simulation"/>
      </FileInfo>
    </File>
    <File Path="$PPRDIR/../../../../../Downloads/pdatapath_top(1)(1).v">
      <FileInfo>
        <Attr Name="UsedIn" Val="synthesis"/>
        <Attr Name="UsedIn" Val="implementation"/>
        <Attr Name="UsedIn" Val="simulation"/>
      </FileInfo>
    </File>
    <Config>
      <Option Name="DesignMode" Val="RTL"/>
      <Option Name="TopModule" Val="pdatapath_top"/>
      <Option Name="TopAutoSet" Val="TRUE"/>
    </Config>
  </FileSet>
  <FileSet Name="constrs_in" Type="Constrs" RelSrcDir="$PSRCDIR/constrs_1">
    <Filter Type="Constrs"/>
    <Config>
      <Option Name="ConstrsType" Val="XDC"/>
    </Config>
  </FileSet>
  <Strategy Version="1" Minor="2">
    <StratHandle Name="Vivado Implementation Defaults" Flow="Vivado Implementation 2015"/>
    <Step Id="init_design"/>
    <Step Id="opt_design"/>
    <Step Id="power_opt_design"/>
    <Step Id="place_design"/>
    <Step Id="post_place_power_opt_design"/>
    <Step Id="phys_opt_design"/>
    <Step Id="route_design"/>
    <Step Id="post_route_phys_opt_design"/>
    <Step Id="write_bitstream"/>
  </Strategy>
  <BlockFileSet Type="BlockSrcs" Name="data_memory"/>
  <BlockFileSet Type="BlockSrcs" Name="alu_regfile_vio"/>
</GenRun>
