<?xml version="1.0" encoding="UTF-8"?>
<GenRun Id="impl_1" LaunchPart="xc7z020clg484-1" LaunchTime="1537899950">
  <File Type="RUN-CONSTRS" Name="$PDATADIR/runs/impl_1/constrs_in.xml"/>
  <File Type="OPT-DCP" Name="palu_top_opt.dcp"/>
  <File Type="RUN-SRCS" Name="$PDATADIR/runs/impl_1/sources.xml"/>
  <File Type="RUN-STRAT" Name="$PDATADIR/runs/impl_1/impl_1.psg"/>
  <File Type="ROUTE-DCP" Name="palu_top_routed.dcp"/>
  <File Type="PA-TCL" Name="palu_top.tcl"/>
  <File Type="PWROPT-DCP" Name="palu_top_pwropt.dcp"/>
  <File Type="OPT-DRC" Name="palu_top_drc_opted.rpt"/>
  <File Type="PWROPT-DRC" Name="palu_top_drc_pwropted.rpt"/>
  <File Type="OPT-HWDEF" Name="palu_top.hwdef"/>
  <File Type="PLACE-DCP" Name="palu_top_placed.dcp"/>
  <File Type="PLACE-IO" Name="palu_top_io_placed.rpt"/>
  <File Type="PLACE-CLK" Name="palu_top_clock_utilization_placed.rpt"/>
  <File Type="PLACE-UTIL" Name="palu_top_utilization_placed.rpt"/>
  <File Type="PLACE-UTIL-PB" Name="palu_top_utilization_placed.pb"/>
  <File Type="PLACE-CTRL" Name="palu_top_control_sets_placed.rpt"/>
  <File Type="PLACE-SIMILARITY" Name="palu_top_incremental_reuse_placed.rpt"/>
  <File Type="PLACE-PRE-SIMILARITY" Name="palu_top_incremental_reuse_pre_placed.rpt"/>
  <File Type="POSTPLACE-PWROPT-DCP" Name="palu_top_postplace_pwropt.dcp"/>
  <File Type="PHYSOPT-DCP" Name="palu_top_physopt.dcp"/>
  <File Type="PHYSOPT-DRC" Name="palu_top_drc_physopted.rpt"/>
  <File Type="RDI-RDI" Name="palu_top.vdi"/>
  <File Type="ROUTE-DRC" Name="palu_top_drc_routed.rpt"/>
  <File Type="ROUTE-DRC-PB" Name="palu_top_drc_routed.pb"/>
  <File Type="ROUTE-PWR" Name="palu_top_power_routed.rpt"/>
  <File Type="ROUTE-PWR-SUM" Name="palu_top_power_summary_routed.pb"/>
  <File Type="ROUTE-STATUS" Name="palu_top_route_status.rpt"/>
  <File Type="ROUTE-STATUS-PB" Name="palu_top_route_status.pb"/>
  <File Type="ROUTE-TIMINGSUMMARY" Name="palu_top_timing_summary_routed.rpt"/>
  <File Type="ROUTE-TIMING-PB" Name="palu_top_timing_summary_routed.pb"/>
  <File Type="ROUTE-TIMING-RPX" Name="palu_top_timing_summary_routed.rpx"/>
  <File Type="ROUTE-SIMILARITY" Name="palu_top_incremental_reuse_routed.rpt"/>
  <File Type="ROUTE-CLK" Name="palu_top_clock_utilization_routed.rpt"/>
  <File Type="POSTROUTE-PHYSOPT-DCP" Name="palu_top_postroute_physopt.dcp"/>
  <File Type="POSTROUTE-PHYSOPT-TIMING" Name="palu_top_timing_summary_postroute_physopted.rpt"/>
  <File Type="POSTROUTE-PHYSOPT-TIMING-PB" Name="palu_top_timing_summary_postroute_physopted.pb"/>
  <File Type="POSTROUTE-PHYSOPT-TIMING-RPX" Name="palu_top_timing_summary_postroute_physopted.rpx"/>
  <File Type="BG-BIT" Name="palu_top.bit"/>
  <File Type="BG-BIN" Name="palu_top.bin"/>
  <File Type="BITSTR-MSK" Name="palu_top.msk"/>
  <File Type="BITSTR-RBT" Name="palu_top.rbt"/>
  <File Type="BITSTR-NKY" Name="palu_top.nky"/>
  <File Type="BITSTR-BMM" Name="palu_top_bd.bmm"/>
  <File Type="BITSTR-MMI" Name="palu_top.mmi"/>
  <File Type="BITSTR-SYSDEF" Name="palu_top.sysdef"/>
  <File Type="BG-BGN" Name="palu_top.bgn"/>
  <File Type="BG-DRC" Name="palu_top.drc"/>
  <File Type="WBT-USG" Name="usage_statistics_webtalk.html"/>
  <FileSet Name="sources" Type="DesignSrcs" RelSrcDir="$PSRCDIR/sources_1">
    <Filter Type="Srcs"/>
    <File Path="$PPRDIR/../../../../../../../Downloads/OLED_source_files(1)/OLED_source_files/HDLs/SpiCtrl.vhd">
      <FileInfo>
        <Attr Name="UsedIn" Val="synthesis"/>
        <Attr Name="UsedIn" Val="simulation"/>
      </FileInfo>
    </File>
    <File Path="$PPRDIR/../../../../../../../Downloads/OLED_source_files(1)/OLED_source_files/HDLs/SIGNDET.vhd">
      <FileInfo>
        <Attr Name="UsedIn" Val="synthesis"/>
        <Attr Name="UsedIn" Val="simulation"/>
      </FileInfo>
    </File>
    <File Path="$PPRDIR/../../../../../../../Downloads/OLED_source_files(1)/OLED_source_files/HDLs/Delay.vhd">
      <FileInfo>
        <Attr Name="UsedIn" Val="synthesis"/>
        <Attr Name="UsedIn" Val="simulation"/>
      </FileInfo>
    </File>
    <File Path="$PPRDIR/../../../../../../../Downloads/OLED_source_files(1)/OLED_source_files/HDLs/BINBCD8.vhd">
      <FileInfo>
        <Attr Name="UsedIn" Val="synthesis"/>
        <Attr Name="UsedIn" Val="simulation"/>
      </FileInfo>
    </File>
    <File Path="$PPRDIR/../../../../../../../Downloads/OLED_source_files(1)/OLED_source_files/HDLs/OledInit.vhd">
      <FileInfo>
        <Attr Name="UsedIn" Val="synthesis"/>
        <Attr Name="UsedIn" Val="simulation"/>
      </FileInfo>
    </File>
    <File Path="$PPRDIR/../../../../../../../Downloads/OLED_source_files(1)/OLED_source_files/HDLs/OledExample.vhd">
      <FileInfo>
        <Attr Name="UsedIn" Val="synthesis"/>
        <Attr Name="UsedIn" Val="simulation"/>
      </FileInfo>
    </File>
    <File Path="$PPRDIR/../../../../../../../Downloads/OLED_source_files(1)/OLED_source_files/HDLs/PmodOLEDCtrl.vhd">
      <FileInfo>
        <Attr Name="UsedIn" Val="synthesis"/>
        <Attr Name="UsedIn" Val="simulation"/>
      </FileInfo>
    </File>
    <File Path="$PSRCDIR/sources_1/imports/new/eightbit_palu.v">
      <FileInfo>
        <Attr Name="ImportPath" Val="$PPRDIR/../../../../../../../lab2/lab2.srcs/sim_1/new/eightbit_palu.v"/>
        <Attr Name="ImportTime" Val="1537897557"/>
        <Attr Name="UsedIn" Val="synthesis"/>
        <Attr Name="UsedIn" Val="implementation"/>
        <Attr Name="UsedIn" Val="simulation"/>
      </FileInfo>
    </File>
    <File Path="$PPRDIR/../../../../../../../Downloads/palu_top(1).v">
      <FileInfo>
        <Attr Name="UsedIn" Val="synthesis"/>
        <Attr Name="UsedIn" Val="implementation"/>
        <Attr Name="UsedIn" Val="simulation"/>
      </FileInfo>
    </File>
    <File Path="$PPRDIR/../../../../../../../Downloads/OLED_source_files(1)/OLED_source_files/IP_srcs/charLib.coe">
      <FileInfo>
        <Attr Name="UsedIn" Val="synthesis"/>
        <Attr Name="UsedIn" Val="simulation"/>
      </FileInfo>
    </File>
    <Config>
      <Option Name="DesignMode" Val="RTL"/>
      <Option Name="TopModule" Val="palu_top"/>
    </Config>
  </FileSet>
  <FileSet Name="constrs_in" Type="Constrs" RelSrcDir="$PSRCDIR/constrs_1">
    <Filter Type="Constrs"/>
    <File Path="$PPRDIR/../../../../../../../Downloads/eightbit_palu(1).xdc">
      <FileInfo>
        <Attr Name="UsedIn" Val="synthesis"/>
        <Attr Name="UsedIn" Val="implementation"/>
      </FileInfo>
    </File>
    <Config>
      <Option Name="ConstrsType" Val="XDC"/>
    </Config>
  </FileSet>
  <Strategy Version="1" Minor="2">
    <StratHandle Name="Vivado Implementation Defaults" Flow="Vivado Implementation 2015"/>
    <Step Id="init_design"/>
    <Step Id="opt_design"/>
    <Step Id="power_opt_design"/>
    <Step Id="place_design"/>
    <Step Id="post_place_power_opt_design"/>
    <Step Id="phys_opt_design"/>
    <Step Id="route_design"/>
    <Step Id="post_route_phys_opt_design"/>
    <Step Id="write_bitstream"/>
  </Strategy>
  <BlockFileSet Type="BlockSrcs" Name="charLib"/>
</GenRun>
