<?xml version="1.0" encoding="UTF-8"?>
<GenRun Id="impl_1" LaunchPart="xc7z020clg484-1" LaunchTime="1543346531">
  <File Type="RUN-CONSTRS" Name="$PDATADIR/runs/impl_1/constrs_in.xml"/>
  <File Type="OPT-DCP" Name="datapath_top_opt.dcp"/>
  <File Type="RUN-SRCS" Name="$PDATADIR/runs/impl_1/sources.xml"/>
  <File Type="RUN-STRAT" Name="$PDATADIR/runs/impl_1/impl_1.psg"/>
  <File Type="ROUTE-DCP" Name="datapath_top_routed.dcp"/>
  <File Type="PA-TCL" Name="datapath_top.tcl"/>
  <File Type="PWROPT-DCP" Name="datapath_top_pwropt.dcp"/>
  <File Type="OPT-DRC" Name="datapath_top_drc_opted.rpt"/>
  <File Type="PWROPT-DRC" Name="datapath_top_drc_pwropted.rpt"/>
  <File Type="OPT-HWDEF" Name="datapath_top.hwdef"/>
  <File Type="PLACE-DCP" Name="datapath_top_placed.dcp"/>
  <File Type="PLACE-IO" Name="datapath_top_io_placed.rpt"/>
  <File Type="PLACE-CLK" Name="datapath_top_clock_utilization_placed.rpt"/>
  <File Type="PLACE-UTIL" Name="datapath_top_utilization_placed.rpt"/>
  <File Type="PLACE-UTIL-PB" Name="datapath_top_utilization_placed.pb"/>
  <File Type="PLACE-CTRL" Name="datapath_top_control_sets_placed.rpt"/>
  <File Type="PLACE-SIMILARITY" Name="datapath_top_incremental_reuse_placed.rpt"/>
  <File Type="PLACE-PRE-SIMILARITY" Name="datapath_top_incremental_reuse_pre_placed.rpt"/>
  <File Type="POSTPLACE-PWROPT-DCP" Name="datapath_top_postplace_pwropt.dcp"/>
  <File Type="PHYSOPT-DCP" Name="datapath_top_physopt.dcp"/>
  <File Type="PHYSOPT-DRC" Name="datapath_top_drc_physopted.rpt"/>
  <File Type="RDI-RDI" Name="datapath_top.vdi"/>
  <File Type="ROUTE-DRC" Name="datapath_top_drc_routed.rpt"/>
  <File Type="ROUTE-DRC-PB" Name="datapath_top_drc_routed.pb"/>
  <File Type="ROUTE-PWR" Name="datapath_top_power_routed.rpt"/>
  <File Type="ROUTE-PWR-SUM" Name="datapath_top_power_summary_routed.pb"/>
  <File Type="ROUTE-STATUS" Name="datapath_top_route_status.rpt"/>
  <File Type="ROUTE-STATUS-PB" Name="datapath_top_route_status.pb"/>
  <File Type="ROUTE-TIMINGSUMMARY" Name="datapath_top_timing_summary_routed.rpt"/>
  <File Type="ROUTE-TIMING-PB" Name="datapath_top_timing_summary_routed.pb"/>
  <File Type="ROUTE-TIMING-RPX" Name="datapath_top_timing_summary_routed.rpx"/>
  <File Type="ROUTE-SIMILARITY" Name="datapath_top_incremental_reuse_routed.rpt"/>
  <File Type="ROUTE-CLK" Name="datapath_top_clock_utilization_routed.rpt"/>
  <File Type="POSTROUTE-PHYSOPT-DCP" Name="datapath_top_postroute_physopt.dcp"/>
  <File Type="POSTROUTE-PHYSOPT-TIMING" Name="datapath_top_timing_summary_postroute_physopted.rpt"/>
  <File Type="POSTROUTE-PHYSOPT-TIMING-PB" Name="datapath_top_timing_summary_postroute_physopted.pb"/>
  <File Type="POSTROUTE-PHYSOPT-TIMING-RPX" Name="datapath_top_timing_summary_postroute_physopted.rpx"/>
  <File Type="BG-BIT" Name="datapath_top.bit"/>
  <File Type="BG-BIN" Name="datapath_top.bin"/>
  <File Type="BITSTR-MSK" Name="datapath_top.msk"/>
  <File Type="BITSTR-RBT" Name="datapath_top.rbt"/>
  <File Type="BITSTR-NKY" Name="datapath_top.nky"/>
  <File Type="BITSTR-BMM" Name="datapath_top_bd.bmm"/>
  <File Type="BITSTR-MMI" Name="datapath_top.mmi"/>
  <File Type="BITSTR-SYSDEF" Name="datapath_top.sysdef"/>
  <File Type="BG-BGN" Name="datapath_top.bgn"/>
  <File Type="BG-DRC" Name="datapath_top.drc"/>
  <File Type="WBT-USG" Name="usage_statistics_webtalk.html"/>
  <FileSet Name="sources" Type="DesignSrcs" RelSrcDir="$PSRCDIR/sources_1">
    <Filter Type="Srcs"/>
    <File Path="$PPRDIR/../../../../../../OLED_source_files(1)/OLED_source_files/HDLs/SIGNDET.vhd">
      <FileInfo>
        <Attr Name="UsedIn" Val="synthesis"/>
        <Attr Name="UsedIn" Val="simulation"/>
      </FileInfo>
    </File>
    <File Path="$PPRDIR/../../../../../../OLED_source_files(1)/OLED_source_files/HDLs/BINBCD8.vhd">
      <FileInfo>
        <Attr Name="UsedIn" Val="synthesis"/>
        <Attr Name="UsedIn" Val="simulation"/>
      </FileInfo>
    </File>
    <File Path="$PPRDIR/../../../../../../OLED_source_files(1)/OLED_source_files/HDLs/SpiCtrl.vhd">
      <FileInfo>
        <Attr Name="UsedIn" Val="synthesis"/>
        <Attr Name="UsedIn" Val="simulation"/>
      </FileInfo>
    </File>
    <File Path="$PPRDIR/../../../../../../OLED_source_files(1)/OLED_source_files/HDLs/Delay.vhd">
      <FileInfo>
        <Attr Name="UsedIn" Val="synthesis"/>
        <Attr Name="UsedIn" Val="simulation"/>
      </FileInfo>
    </File>
    <File Path="$PPRDIR/../../../../../../OLED_source_files(1)/OLED_source_files/HDLs/OledInit.vhd">
      <FileInfo>
        <Attr Name="UsedIn" Val="synthesis"/>
        <Attr Name="UsedIn" Val="simulation"/>
      </FileInfo>
    </File>
    <File Path="$PPRDIR/../../../../../../OLED_source_files(1)/OLED_source_files/HDLs/OledExample.vhd">
      <FileInfo>
        <Attr Name="UsedIn" Val="synthesis"/>
        <Attr Name="UsedIn" Val="simulation"/>
      </FileInfo>
    </File>
    <File Path="$PSRCDIR/sources_1/new/reg_file.v">
      <FileInfo>
        <Attr Name="ImportPath" Val="$PPRDIR/../../../../../../../../../../../../../../../../../../../../../../../../../../../../../../lab_5/lab_5.srcs/sources_1/new/reg_file.v"/>
        <Attr Name="ImportTime" Val="1540318031"/>
        <Attr Name="UsedIn" Val="synthesis"/>
        <Attr Name="UsedIn" Val="implementation"/>
        <Attr Name="UsedIn" Val="simulation"/>
      </FileInfo>
    </File>
    <File Path="$PSRCDIR/sources_1/new/eightbit_alu.v">
      <FileInfo>
        <Attr Name="ImportPath" Val="$PPRDIR/../../../../../../../../../../../../../../../../../../../../../../../../../../../../../../lab_5/lab_5.srcs/sources_1/new/eightbit_alu.v"/>
        <Attr Name="ImportTime" Val="1540317989"/>
        <Attr Name="UsedIn" Val="synthesis"/>
        <Attr Name="UsedIn" Val="implementation"/>
        <Attr Name="UsedIn" Val="simulation"/>
      </FileInfo>
    </File>
    <File Path="$PSRCDIR/sources_1/new/inst_decoder.v">
      <FileInfo>
        <Attr Name="ImportPath" Val="$PPRDIR/../../../../../../../../../../../../../../../../../../../../../../../../Documents/Lab6/lab_6/lab_6.srcs/sources_1/new/inst_decoder.v"/>
        <Attr Name="ImportTime" Val="1540924614"/>
        <Attr Name="UsedIn" Val="synthesis"/>
        <Attr Name="UsedIn" Val="implementation"/>
        <Attr Name="UsedIn" Val="simulation"/>
      </FileInfo>
    </File>
    <File Path="$PSRCDIR/sources_1/imports/Downloads/debounce(1).v">
      <FileInfo>
        <Attr Name="ImportPath" Val="$PPRDIR/../../../../../../../../../../../../../../../../../../debounce(1).v"/>
        <Attr Name="ImportTime" Val="1541533219"/>
        <Attr Name="UsedIn" Val="synthesis"/>
        <Attr Name="UsedIn" Val="implementation"/>
        <Attr Name="UsedIn" Val="simulation"/>
      </FileInfo>
    </File>
    <File Path="$PSRCDIR/sources_1/new/pc_logic.v">
      <FileInfo>
        <Attr Name="ImportPath" Val="$PPRDIR/../../../../lab8.srcs/sources_1/new/pc_logic.v"/>
        <Attr Name="ImportTime" Val="1543343296"/>
        <Attr Name="UsedIn" Val="synthesis"/>
        <Attr Name="UsedIn" Val="implementation"/>
        <Attr Name="UsedIn" Val="simulation"/>
      </FileInfo>
    </File>
    <File Path="$PPRDIR/../../../../../../OLED_source_files(1)/OLED_source_files/HDLs/PmodOLEDCtrl.vhd">
      <FileInfo>
        <Attr Name="UsedIn" Val="synthesis"/>
        <Attr Name="UsedIn" Val="simulation"/>
      </FileInfo>
    </File>
    <File Path="$PPRDIR/../../../../../../datapath_top(1).v">
      <FileInfo>
        <Attr Name="UsedIn" Val="synthesis"/>
        <Attr Name="UsedIn" Val="implementation"/>
        <Attr Name="UsedIn" Val="simulation"/>
      </FileInfo>
    </File>
    <File Path="$PSRCDIR/sources_1/new/alu_regfile.v">
      <FileInfo>
        <Attr Name="AutoDisabled" Val="1"/>
        <Attr Name="ImportPath" Val="$PPRDIR/../../../../../../../../../../../../../../../../../../../../../../../../../../../../../../lab_5/lab_5.srcs/sources_1/new/alu_regfile.v"/>
        <Attr Name="ImportTime" Val="1540320846"/>
        <Attr Name="UsedIn" Val="synthesis"/>
        <Attr Name="UsedIn" Val="implementation"/>
        <Attr Name="UsedIn" Val="simulation"/>
      </FileInfo>
    </File>
    <File Path="$PSRCDIR/sources_1/imports/lab_5/archive_project_summary.txt">
      <FileInfo>
        <Attr Name="ImportPath" Val="$PPRDIR/../../../../../../../../../../../../../../../../../../../../../../../../Downloads/lab_5.xpr (1)/lab_5/archive_project_summary.txt"/>
        <Attr Name="ImportTime" Val="1540918680"/>
      </FileInfo>
    </File>
    <File Path="$PSRCDIR/sources_1/imports/lab_6/archive_project_summary.txt">
      <FileInfo>
        <Attr Name="ImportPath" Val="$PPRDIR/../../../../../../../../archive_project_summary.txt"/>
        <Attr Name="ImportTime" Val="1541776331"/>
      </FileInfo>
    </File>
    <File Path="$PSRCDIR/sources_1/imports/Downloads/lab_6.xpr/lab_6/archive_project_summary.txt">
      <FileInfo>
        <Attr Name="ImportPath" Val="$PPRDIR/../../../../../../../../archive_project_summary.txt"/>
        <Attr Name="ImportTime" Val="1542131400"/>
      </FileInfo>
    </File>
    <File Path="$PSRCDIR/sources_1/imports/Downloads/lab_7/lab7/mycode.coe">
      <FileInfo>
        <Attr Name="ImportPath" Val="$PPRDIR/../../../../../../../../../../lab_7/lab7/mycode.coe"/>
        <Attr Name="ImportTime" Val="1542133912"/>
        <Attr Name="UsedIn" Val="synthesis"/>
        <Attr Name="UsedIn" Val="simulation"/>
      </FileInfo>
    </File>
    <File Path="$PPRDIR/../../../../../../lab7.xpr/lab7/archive_project_summary.txt"/>
    <File Path="$PPRDIR/../../../../../../OLED_source_files(1)/OLED_source_files/IP_srcs/charLib.coe">
      <FileInfo>
        <Attr Name="UsedIn" Val="synthesis"/>
        <Attr Name="UsedIn" Val="simulation"/>
      </FileInfo>
    </File>
    <File Path="$PPRDIR/../../../../../../machine_code.coe">
      <FileInfo>
        <Attr Name="UsedIn" Val="synthesis"/>
        <Attr Name="UsedIn" Val="simulation"/>
      </FileInfo>
    </File>
    <Config>
      <Option Name="DesignMode" Val="RTL"/>
      <Option Name="TopModule" Val="datapath_top"/>
      <Option Name="TopAutoSet" Val="TRUE"/>
    </Config>
  </FileSet>
  <FileSet Name="constrs_in" Type="Constrs" RelSrcDir="$PSRCDIR/constrs_1">
    <Filter Type="Constrs"/>
    <File Path="$PPRDIR/../../../../../../datapath(1).xdc">
      <FileInfo>
        <Attr Name="UsedIn" Val="synthesis"/>
        <Attr Name="UsedIn" Val="implementation"/>
      </FileInfo>
    </File>
    <Config>
      <Option Name="ConstrsType" Val="XDC"/>
    </Config>
  </FileSet>
  <Strategy Version="1" Minor="2">
    <StratHandle Name="Vivado Implementation Defaults" Flow="Vivado Implementation 2015"/>
    <Step Id="init_design"/>
    <Step Id="opt_design"/>
    <Step Id="power_opt_design"/>
    <Step Id="place_design"/>
    <Step Id="post_place_power_opt_design"/>
    <Step Id="phys_opt_design"/>
    <Step Id="route_design"/>
    <Step Id="post_route_phys_opt_design"/>
    <Step Id="write_bitstream"/>
  </Strategy>
  <BlockFileSet Type="BlockSrcs" Name="data_memory"/>
  <BlockFileSet Type="BlockSrcs" Name="vio_0"/>
  <BlockFileSet Type="BlockSrcs" Name="instr_mem"/>
  <BlockFileSet Type="BlockSrcs" Name="charLib"/>
</GenRun>
